bee_name,bee_family,plant_name,plant_family,plant_rank,qualification,relationship_type,source_id,source_url,source_accessed,source_row,bee_texas_listed,bee_profile_url,plant_profile_url,plant_family_basis,supporting_reference_url
Ancyloscelis apiformis,Apidae,Ipomoea,,genus,listed,pollen_host,fowler-central-2020,https://jarrodfowler.com/bees_pollen.html,2026-10-07,270,True,https://www.discoverlife.org/20/q?search=Ancyloscelis+apiformis,https://plants.usda.gov/plant-profile/IPOMO,not_stated,
Ancyloscelis sejunctus,Apidae,Ipomoea,,genus,listed,pollen_host,fowler-central-2020,https://jarrodfowler.com/bees_pollen.html,2026-10-07,271,True,https://www.discoverlife.org/20/q?search=Ancyloscelis+sejunctus,https://plants.usda.gov/plant-profile/IPOMO,not_stated,
Andrena accepta,Andrenidae,Helianthus,Asteraceae,genus,listed,pollen_host,fowler-central-2020,https://jarrodfowler.com/bees_pollen.html,2026-10-07,1,True,https://www.discoverlife.org/20/q?search=Andrena+accepta,https://plants.usda.gov/plant-profile/HELIA3,explicit_source_label,
Andrena afimbriata,Andrenidae,Berlandiera,Asteraceae,genus,listed,pollen_host,fowler-central-2020,https://jarrodfowler.com/bees_pollen.html,2026-10-07,2,True,https://www.discoverlife.org/20/q?search=Andrena+afimbriata,https://plants.usda.gov/plant-profile/BERLA,explicit_source_label,
Andrena afimbriata,Andrenidae,Pyrrhopappus,Asteraceae,genus,listed,pollen_host,fowler-central-2020,https://jarrodfowler.com/bees_pollen.html,2026-10-07,2,True,https://www.discoverlife.org/20/q?search=Andrena+afimbriata,https://plants.usda.gov/plant-profile/PYRRH,explicit_source_label,
Andrena alamonis,Andrenidae,Lesquerella,,genus,listed,pollen_host,fowler-central-2020,https://jarrodfowler.com/bees_pollen.html,2026-10-07,3,True,https://www.discoverlife.org/20/q?search=Andrena+alamonis,https://plants.usda.gov/plant-profile/LESQU,not_stated,
Andrena andrenoides,Andrenidae,Salix,,genus,listed,pollen_host,fowler-central-2020,https://jarrodfowler.com/bees_pollen.html,2026-10-07,5,True,https://www.discoverlife.org/20/q?search=Andrena+andrenoides,https://plants.usda.gov/plant-profile/SALIX,not_stated,
Andrena androfovea,Andrenidae,Chamaesaracha,Solanaceae,genus,listed,pollen_host,fowler-central-2020,https://jarrodfowler.com/bees_pollen.html,2026-10-07,6,True,https://www.discoverlife.org/20/q?search=Andrena+androfovea,https://plants.usda.gov/plant-profile/CHAMA8,explicit_source_label,
Andrena androfovea,Andrenidae,Quincula,Solanaceae,genus,listed,pollen_host,fowler-central-2020,https://jarrodfowler.com/bees_pollen.html,2026-10-07,6,True,https://www.discoverlife.org/20/q?search=Andrena+androfovea,https://plants.usda.gov/plant-profile/QUINC,explicit_source_label,
Andrena ardis,Andrenidae,Chrysothamnus,Asteraceae,genus,listed,pollen_host,fowler-central-2020,https://jarrodfowler.com/bees_pollen.html,2026-10-07,10,True,https://www.discoverlife.org/20/q?search=Andrena+ardis,https://plants.usda.gov/plant-profile/CHRYS9,explicit_source_label,
Andrena ardis,Andrenidae,Gutierrezia,Asteraceae,genus,listed,pollen_host,fowler-central-2020,https://jarrodfowler.com/bees_pollen.html,2026-10-07,10,True,https://www.discoverlife.org/20/q?search=Andrena+ardis,https://plants.usda.gov/plant-profile/GUTIE,explicit_source_label,
Andrena arenicola,Andrenidae,Salix,,genus,listed,pollen_host,fowler-central-2020,https://jarrodfowler.com/bees_pollen.html,2026-10-07,11,True,https://www.discoverlife.org/20/q?search=Andrena+arenicola,https://plants.usda.gov/plant-profile/SALIX,not_stated,
Andrena balsamorhizae,Andrenidae,Balsamorhiza,Asteraceae,genus,listed,pollen_host,fowler-central-2020,https://jarrodfowler.com/bees_pollen.html,2026-10-07,15,True,https://www.discoverlife.org/20/q?search=Andrena+balsamorhizae,https://plants.usda.gov/plant-profile/BALSA,explicit_source_label,
Andrena balsamorhizae,Andrenidae,Enceliopsis,,genus,tentative,pollen_host,fowler-central-2020,https://jarrodfowler.com/bees_pollen.html,2026-10-07,15,True,https://www.discoverlife.org/20/q?search=Andrena+balsamorhizae,https://plants.usda.gov/plant-profile/ENCEL2,not_stated,
Andrena berkeleyi,Andrenidae,Engelmannia,Asteraceae,genus,listed,pollen_host,fowler-central-2020,https://jarrodfowler.com/bees_pollen.html,2026-10-07,17,True,https://www.discoverlife.org/20/q?search=Andrena+berkeleyi,https://plants.usda.gov/plant-profile/ENGEL,explicit_source_label,
Andrena berkeleyi,Andrenidae,Hymenoxys,Asteraceae,genus,listed,pollen_host,fowler-central-2020,https://jarrodfowler.com/bees_pollen.html,2026-10-07,17,True,https://www.discoverlife.org/20/q?search=Andrena+berkeleyi,https://plants.usda.gov/plant-profile/HYMEN7,explicit_source_label,
Andrena berkeleyi,Andrenidae,Tetraneuris,Asteraceae,genus,listed,pollen_host,fowler-central-2020,https://jarrodfowler.com/bees_pollen.html,2026-10-07,17,True,https://www.discoverlife.org/20/q?search=Andrena+berkeleyi,https://plants.usda.gov/plant-profile/TETRA17,explicit_source_label,
Andrena biscutellata,Andrenidae,Gaillardia,Asteraceae,genus,listed,pollen_host,fowler-central-2020,https://jarrodfowler.com/bees_pollen.html,2026-10-07,19,True,https://www.discoverlife.org/20/q?search=Andrena+biscutellata,https://plants.usda.gov/plant-profile/GAILL,explicit_source_label,
Andrena brevipalpis,Andrenidae,Rhus,,genus,listed,pollen_host,fowler-central-2020,https://jarrodfowler.com/bees_pollen.html,2026-10-07,21,True,https://www.discoverlife.org/20/q?search=Andrena+brevipalpis,https://plants.usda.gov/plant-profile/RHUS,not_stated,
Andrena bullata,Andrenidae,Heterotheca,Asteraceae,genus,listed,pollen_host,fowler-central-2020,https://jarrodfowler.com/bees_pollen.html,2026-10-07,22,True,https://www.discoverlife.org/20/q?search=Andrena+bullata,https://plants.usda.gov/plant-profile/HETER8,explicit_source_label,
Andrena capricornis,Andrenidae,Descurainia,Brassicaceae,genus,listed,pollen_host,fowler-central-2020,https://jarrodfowler.com/bees_pollen.html,2026-10-07,25,True,https://www.discoverlife.org/20/q?search=Andrena+capricornis,https://plants.usda.gov/plant-profile/DESCU,explicit_source_label,
Andrena capricornis,Andrenidae,Lepidium,Brassicaceae,genus,listed,pollen_host,fowler-central-2020,https://jarrodfowler.com/bees_pollen.html,2026-10-07,25,True,https://www.discoverlife.org/20/q?search=Andrena+capricornis,https://plants.usda.gov/plant-profile/LEPID,explicit_source_label,
Andrena capricornis,Andrenidae,Lesquerella,Brassicaceae,genus,listed,pollen_host,fowler-central-2020,https://jarrodfowler.com/bees_pollen.html,2026-10-07,25,True,https://www.discoverlife.org/20/q?search=Andrena+capricornis,https://plants.usda.gov/plant-profile/LESQU,explicit_source_label,
Andrena capricornis,Andrenidae,Physaria,Brassicaceae,genus,listed,pollen_host,fowler-central-2020,https://jarrodfowler.com/bees_pollen.html,2026-10-07,25,True,https://www.discoverlife.org/20/q?search=Andrena+capricornis,https://plants.usda.gov/plant-profile/PHYSA2,explicit_source_label,
Andrena cenizophila,Andrenidae,Leucophyllum,,genus,listed,pollen_host,fowler-central-2020,https://jarrodfowler.com/bees_pollen.html,2026-10-07,27,True,https://www.discoverlife.org/20/q?search=Andrena+cenizophila,http://plants.usda.gov/plant-profile/LEUCO3,not_stated,https://doi.org/10.17161/jom.vi141.24606
Andrena chaparralensis,Andrenidae,Aphanostephus,Asteraceae,genus,listed,pollen_host,fowler-central-2020,https://jarrodfowler.com/bees_pollen.html,2026-10-07,29,True,https://www.discoverlife.org/20/q?search=Andrena+chaparralensis,https://plants.usda.gov/plant-profile/APHAN3,explicit_source_label,
Andrena chaparralensis,Andrenidae,Astranthium,Asteraceae,genus,listed,pollen_host,fowler-central-2020,https://jarrodfowler.com/bees_pollen.html,2026-10-07,29,True,https://www.discoverlife.org/20/q?search=Andrena+chaparralensis,https://plants.usda.gov/plant-profile/ASTRA2,explicit_source_label,
Andrena crawfordi,Andrenidae,Pyrrhopappus,Asteraceae,genus,listed,pollen_host,fowler-central-2020,https://jarrodfowler.com/bees_pollen.html,2026-10-07,37,True,https://www.discoverlife.org/20/q?search=Andrena+crawfordi,https://plants.usda.gov/plant-profile/PYRRH,explicit_source_label,
Andrena dapsilis,Andrenidae,Lepidium,Brassicaceae,genus,listed,pollen_host,fowler-central-2020,https://jarrodfowler.com/bees_pollen.html,2026-10-07,40,True,https://www.discoverlife.org/20/q?search=Andrena+dapsilis,https://plants.usda.gov/plant-profile/LEPID,explicit_source_label,
Andrena dapsilis,Andrenidae,Lesquerella,Brassicaceae,genus,listed,pollen_host,fowler-central-2020,https://jarrodfowler.com/bees_pollen.html,2026-10-07,40,True,https://www.discoverlife.org/20/q?search=Andrena+dapsilis,https://plants.usda.gov/plant-profile/LESQU,explicit_source_label,
Andrena dapsilis,Andrenidae,Physaria,Brassicaceae,genus,listed,pollen_host,fowler-central-2020,https://jarrodfowler.com/bees_pollen.html,2026-10-07,40,True,https://www.discoverlife.org/20/q?search=Andrena+dapsilis,https://plants.usda.gov/plant-profile/PHYSA2,explicit_source_label,
Andrena erythrogaster,Andrenidae,Salix,,genus,listed,pollen_host,fowler-central-2020,https://jarrodfowler.com/bees_pollen.html,2026-10-07,45,True,https://www.discoverlife.org/20/q?search=Andrena+erythrogaster,https://plants.usda.gov/plant-profile/SALIX,not_stated,
Andrena fulvipennis,Andrenidae,Chrysopsis,,genus,listed,pollen_host,fowler-central-2020,https://jarrodfowler.com/bees_pollen.html,2026-10-07,49,True,https://www.discoverlife.org/20/q?search=Andrena+fulvipennis,http://plants.usda.gov/plant-profile/CHRYS7,not_stated,
Andrena fulvipennis,Andrenidae,Heterotheca,,genus,listed,pollen_host,fowler-central-2020,https://jarrodfowler.com/bees_pollen.html,2026-10-07,49,True,https://www.discoverlife.org/20/q?search=Andrena+fulvipennis,https://plants.usda.gov/plant-profile/HETER8,not_stated,
Andrena fulvipennis,Andrenidae,Pityopsis,,genus,listed,pollen_host,fowler-central-2020,https://jarrodfowler.com/bees_pollen.html,2026-10-07,49,True,https://www.discoverlife.org/20/q?search=Andrena+fulvipennis,http://plants.usda.gov/plant-profile/PITYO2,not_stated,
Andrena gardineri,Andrenidae,Gutierrezia,,genus,listed,pollen_host,fowler-central-2020,https://jarrodfowler.com/bees_pollen.html,2026-10-07,50,True,https://www.discoverlife.org/20/q?search=Andrena+gardineri,https://plants.usda.gov/plant-profile/GUTIE,not_stated,
Andrena gardineri,Andrenidae,Packera,,genus,listed,pollen_host,fowler-central-2020,https://jarrodfowler.com/bees_pollen.html,2026-10-07,50,True,https://www.discoverlife.org/20/q?search=Andrena+gardineri,http://plants.usda.gov/plant-profile/PACKE,not_stated,
Andrena gardineri,Andrenidae,Senecio,,genus,listed,pollen_host,fowler-central-2020,https://jarrodfowler.com/bees_pollen.html,2026-10-07,50,True,https://www.discoverlife.org/20/q?search=Andrena+gardineri,https://plants.usda.gov/plant-profile/SENEC,not_stated,
Andrena haynesi,Andrenidae,Helianthus,,genus,listed,pollen_host,fowler-central-2020,https://jarrodfowler.com/bees_pollen.html,2026-10-07,52,True,https://www.discoverlife.org/20/q?search=Andrena+haynesi,https://plants.usda.gov/plant-profile/HELIA3,not_stated,
Andrena helianthi,Andrenidae,Helianthus,,genus,listed,pollen_host,fowler-central-2020,https://jarrodfowler.com/bees_pollen.html,2026-10-07,53,True,https://www.discoverlife.org/20/q?search=Andrena+helianthi,https://plants.usda.gov/plant-profile/HELIA3,not_stated,
Andrena illinoiensis,Andrenidae,Salix,,genus,listed,pollen_host,fowler-central-2020,https://jarrodfowler.com/bees_pollen.html,2026-10-07,56,True,https://www.discoverlife.org/20/q?search=Andrena+illinoiensis,https://plants.usda.gov/plant-profile/SALIX,not_stated,
Andrena jessicae,Andrenidae,Lesquerella,,genus,listed,pollen_host,fowler-central-2020,https://jarrodfowler.com/bees_pollen.html,2026-10-07,60,True,https://www.discoverlife.org/20/q?search=Andrena+jessicae,https://plants.usda.gov/plant-profile/LESQU,not_stated,
Andrena krigiana,Andrenidae,Hieracium,,genus,listed,pollen_host,fowler-central-2020,https://jarrodfowler.com/bees_pollen.html,2026-10-07,61,True,https://www.discoverlife.org/20/q?search=Andrena+krigiana,https://plants.usda.gov/plant-profile/HIERA,not_stated,
Andrena krigiana,Andrenidae,Krigia,,genus,listed,pollen_host,fowler-central-2020,https://jarrodfowler.com/bees_pollen.html,2026-10-07,61,True,https://www.discoverlife.org/20/q?search=Andrena+krigiana,http://plants.usda.gov/plant-profile/KRIGI,not_stated,
Andrena macoupinensis,Andrenidae,Salix,,genus,listed,pollen_host,fowler-central-2020,https://jarrodfowler.com/bees_pollen.html,2026-10-07,65,True,https://www.discoverlife.org/20/q?search=Andrena+macoupinensis,https://plants.usda.gov/plant-profile/SALIX,not_stated,
Andrena melanochroa,Andrenidae,Fragaria,Rosaceae,genus,listed,pollen_host,fowler-central-2020,https://jarrodfowler.com/bees_pollen.html,2026-10-07,67,True,https://www.discoverlife.org/20/q?search=Andrena+melanochroa,https://plants.usda.gov/plant-profile/FRAGA,explicit_source_label,
Andrena melanochroa,Andrenidae,Potentilla,Rosaceae,genus,listed,pollen_host,fowler-central-2020,https://jarrodfowler.com/bees_pollen.html,2026-10-07,67,True,https://www.discoverlife.org/20/q?search=Andrena+melanochroa,https://plants.usda.gov/plant-profile/POTEN,explicit_source_label,
Andrena melanochroa,Andrenidae,Rubus,Rosaceae,genus,listed,pollen_host,fowler-central-2020,https://jarrodfowler.com/bees_pollen.html,2026-10-07,67,True,https://www.discoverlife.org/20/q?search=Andrena+melanochroa,https://plants.usda.gov/plant-profile/RUBUS,explicit_source_label,
Andrena melliventris,Andrenidae,Gaillardia,Asteraceae,genus,listed,pollen_host,fowler-central-2020,https://jarrodfowler.com/bees_pollen.html,2026-10-07,68,True,https://www.discoverlife.org/20/q?search=Andrena+melliventris,https://plants.usda.gov/plant-profile/GAILL,explicit_source_label,
Andrena mesillae,Andrenidae,Lesquerella,Brassicaceae,genus,listed,pollen_host,fowler-central-2020,https://jarrodfowler.com/bees_pollen.html,2026-10-07,70,True,https://www.discoverlife.org/20/q?search=Andrena+mesillae,https://plants.usda.gov/plant-profile/LESQU,explicit_source_label,
Andrena mesillae,Andrenidae,Physaria,Brassicaceae,genus,listed,pollen_host,fowler-central-2020,https://jarrodfowler.com/bees_pollen.html,2026-10-07,70,True,https://www.discoverlife.org/20/q?search=Andrena+mesillae,https://plants.usda.gov/plant-profile/PHYSA2,explicit_source_label,
Andrena micheneri,Andrenidae,Lepidium,Brassicaceae,genus,listed,pollen_host,fowler-central-2020,https://jarrodfowler.com/bees_pollen.html,2026-10-07,71,True,https://www.discoverlife.org/20/q?search=Andrena+micheneri,https://plants.usda.gov/plant-profile/LEPID,explicit_source_label,
Andrena micheneri,Andrenidae,Lesquerella,Brassicaceae,genus,listed,pollen_host,fowler-central-2020,https://jarrodfowler.com/bees_pollen.html,2026-10-07,71,True,https://www.discoverlife.org/20/q?search=Andrena+micheneri,https://plants.usda.gov/plant-profile/LESQU,explicit_source_label,
Andrena micheneri,Andrenidae,Physaria,Brassicaceae,genus,listed,pollen_host,fowler-central-2020,https://jarrodfowler.com/bees_pollen.html,2026-10-07,71,True,https://www.discoverlife.org/20/q?search=Andrena+micheneri,https://plants.usda.gov/plant-profile/PHYSA2,explicit_source_label,
Andrena micheneriella,Andrenidae,Baccharis,Asteraceae,genus,listed,pollen_host,fowler-central-2020,https://jarrodfowler.com/bees_pollen.html,2026-10-07,72,True,https://www.discoverlife.org/20/q?search=Andrena+micheneriella,https://plants.usda.gov/plant-profile/BACCH,explicit_source_label,
Andrena nigrae,Andrenidae,Salix,,genus,listed,pollen_host,fowler-central-2020,https://jarrodfowler.com/bees_pollen.html,2026-10-07,76,True,https://www.discoverlife.org/20/q?search=Andrena+nigrae,https://plants.usda.gov/plant-profile/SALIX,not_stated,
Andrena nothoscordi,Andrenidae,Nothoscordum,,genus,listed,pollen_host,fowler-central-2020,https://jarrodfowler.com/bees_pollen.html,2026-10-07,77,True,https://www.discoverlife.org/20/q?search=Andrena+nothoscordi,https://plants.usda.gov/plant-profile/NOTHO2,not_stated,
Andrena ofella,Andrenidae,Chrysothamnus,Asteraceae,genus,listed,pollen_host,fowler-central-2020,https://jarrodfowler.com/bees_pollen.html,2026-10-07,79,True,https://www.discoverlife.org/20/q?search=Andrena+ofella,https://plants.usda.gov/plant-profile/CHRYS9,explicit_source_label,
Andrena ofella,Andrenidae,Ericameria,Asteraceae,genus,listed,pollen_host,fowler-central-2020,https://jarrodfowler.com/bees_pollen.html,2026-10-07,79,True,https://www.discoverlife.org/20/q?search=Andrena+ofella,https://plants.usda.gov/plant-profile/ERICA2,explicit_source_label,
Andrena ofella,Andrenidae,Gutierrezia,Asteraceae,genus,listed,pollen_host,fowler-central-2020,https://jarrodfowler.com/bees_pollen.html,2026-10-07,79,True,https://www.discoverlife.org/20/q?search=Andrena+ofella,https://plants.usda.gov/plant-profile/GUTIE,explicit_source_label,
Andrena ofella,Andrenidae,Haplopappus,Asteraceae,genus,listed,pollen_host,fowler-central-2020,https://jarrodfowler.com/bees_pollen.html,2026-10-07,79,True,https://www.discoverlife.org/20/q?search=Andrena+ofella,https://plants.usda.gov/plant-profile/HAPLO11,explicit_source_label,
Andrena pecosana,Andrenidae,Chrysothamnus,Asteraceae,genus,listed,pollen_host,fowler-central-2020,https://jarrodfowler.com/bees_pollen.html,2026-10-07,83,True,https://www.discoverlife.org/20/q?search=Andrena+pecosana,https://plants.usda.gov/plant-profile/CHRYS9,explicit_source_label,
Andrena pecosana,Andrenidae,Ericameria,Asteraceae,genus,listed,pollen_host,fowler-central-2020,https://jarrodfowler.com/bees_pollen.html,2026-10-07,83,True,https://www.discoverlife.org/20/q?search=Andrena+pecosana,https://plants.usda.gov/plant-profile/ERICA2,explicit_source_label,
Andrena pecosana,Andrenidae,Grindelia,Asteraceae,genus,listed,pollen_host,fowler-central-2020,https://jarrodfowler.com/bees_pollen.html,2026-10-07,83,True,https://www.discoverlife.org/20/q?search=Andrena+pecosana,https://plants.usda.gov/plant-profile/GRIND,explicit_source_label,
Andrena pecosana,Andrenidae,Gutierrezia,Asteraceae,genus,listed,pollen_host,fowler-central-2020,https://jarrodfowler.com/bees_pollen.html,2026-10-07,83,True,https://www.discoverlife.org/20/q?search=Andrena+pecosana,https://plants.usda.gov/plant-profile/GUTIE,explicit_source_label,
Andrena pecosana,Andrenidae,Haplopappus,Asteraceae,genus,listed,pollen_host,fowler-central-2020,https://jarrodfowler.com/bees_pollen.html,2026-10-07,83,True,https://www.discoverlife.org/20/q?search=Andrena+pecosana,https://plants.usda.gov/plant-profile/HAPLO11,explicit_source_label,
Andrena pecosana,Andrenidae,Heliomeris,Asteraceae,genus,listed,pollen_host,fowler-central-2020,https://jarrodfowler.com/bees_pollen.html,2026-10-07,83,True,https://www.discoverlife.org/20/q?search=Andrena+pecosana,https://plants.usda.gov/plant-profile/HELIO4,explicit_source_label,
Andrena pecosana,Andrenidae,Heterotheca,Asteraceae,genus,listed,pollen_host,fowler-central-2020,https://jarrodfowler.com/bees_pollen.html,2026-10-07,83,True,https://www.discoverlife.org/20/q?search=Andrena+pecosana,https://plants.usda.gov/plant-profile/HETER8,explicit_source_label,
Andrena pecosana,Andrenidae,Viguiera,Asteraceae,genus,listed,pollen_host,fowler-central-2020,https://jarrodfowler.com/bees_pollen.html,2026-10-07,83,True,https://www.discoverlife.org/20/q?search=Andrena+pecosana,https://plants.usda.gov/plant-profile/VIGUI,explicit_source_label,
Andrena pecosana,Andrenidae,Xanthisma,Asteraceae,genus,listed,pollen_host,fowler-central-2020,https://jarrodfowler.com/bees_pollen.html,2026-10-07,83,True,https://www.discoverlife.org/20/q?search=Andrena+pecosana,https://plants.usda.gov/plant-profile/XANTH,explicit_source_label,
Andrena pectidis,Andrenidae,Pectis,,genus,listed,pollen_host,fowler-central-2020,https://jarrodfowler.com/bees_pollen.html,2026-10-07,84,True,https://www.discoverlife.org/20/q?search=Andrena+pectidis,https://plants.usda.gov/plant-profile/PECTI,not_stated,
Andrena platyparia,Andrenidae,Cornus,,genus,listed,pollen_host,fowler-central-2020,https://jarrodfowler.com/bees_pollen.html,2026-10-07,90,True,https://www.discoverlife.org/20/q?search=Andrena+platyparia,https://plants.usda.gov/plant-profile/CORNU,not_stated,
Andrena prima,Andrenidae,Lepidium,Brassicaceae,genus,listed,pollen_host,fowler-central-2020,https://jarrodfowler.com/bees_pollen.html,2026-10-07,92,True,https://www.discoverlife.org/20/q?search=Andrena+prima,https://plants.usda.gov/plant-profile/LEPID,explicit_source_label,
Andrena prima,Andrenidae,Lesquerella,Brassicaceae,genus,listed,pollen_host,fowler-central-2020,https://jarrodfowler.com/bees_pollen.html,2026-10-07,92,True,https://www.discoverlife.org/20/q?search=Andrena+prima,https://plants.usda.gov/plant-profile/LESQU,explicit_source_label,
Andrena prima,Andrenidae,Physaria,Brassicaceae,genus,listed,pollen_host,fowler-central-2020,https://jarrodfowler.com/bees_pollen.html,2026-10-07,92,True,https://www.discoverlife.org/20/q?search=Andrena+prima,https://plants.usda.gov/plant-profile/PHYSA2,explicit_source_label,
Andrena primulifrons,Andrenidae,Lesquerella,,genus,listed,pollen_host,fowler-central-2020,https://jarrodfowler.com/bees_pollen.html,2026-10-07,93,True,https://www.discoverlife.org/20/q?search=Andrena+primulifrons,https://plants.usda.gov/plant-profile/LESQU,not_stated,
Andrena reflexa,Andrenidae,Gutierrezia,Asteraceae,genus,listed,pollen_host,fowler-central-2020,https://jarrodfowler.com/bees_pollen.html,2026-10-07,96,True,https://www.discoverlife.org/20/q?search=Andrena+reflexa,https://plants.usda.gov/plant-profile/GUTIE,explicit_source_label,
Andrena reflexa,Andrenidae,Verbesina,Asteraceae,genus,listed,pollen_host,fowler-central-2020,https://jarrodfowler.com/bees_pollen.html,2026-10-07,96,True,https://www.discoverlife.org/20/q?search=Andrena+reflexa,https://plants.usda.gov/plant-profile/VERBE2,explicit_source_label,
Andrena rudbeckiae,Andrenidae,Ratibida,,genus,listed,pollen_host,fowler-central-2020,https://jarrodfowler.com/bees_pollen.html,2026-10-07,99,True,https://www.discoverlife.org/20/q?search=Andrena+rudbeckiae,https://plants.usda.gov/plant-profile/RATIB,not_stated,
Andrena rudbeckiae,Andrenidae,Rudbeckia,,genus,listed,pollen_host,fowler-central-2020,https://jarrodfowler.com/bees_pollen.html,2026-10-07,99,True,https://www.discoverlife.org/20/q?search=Andrena+rudbeckiae,https://plants.usda.gov/plant-profile/RUDBE,not_stated,
Andrena senticulosa,Andrenidae,Berlandiera,Asteraceae,genus,listed,pollen_host,fowler-central-2020,https://jarrodfowler.com/bees_pollen.html,2026-10-07,103,True,https://www.discoverlife.org/20/q?search=Andrena+senticulosa,https://plants.usda.gov/plant-profile/BERLA,explicit_source_label,
Andrena senticulosa,Andrenidae,Engelmannia,Asteraceae,genus,listed,pollen_host,fowler-central-2020,https://jarrodfowler.com/bees_pollen.html,2026-10-07,103,True,https://www.discoverlife.org/20/q?search=Andrena+senticulosa,https://plants.usda.gov/plant-profile/ENGEL,explicit_source_label,
Andrena senticulosa,Andrenidae,Krigia,Asteraceae,genus,listed,pollen_host,fowler-central-2020,https://jarrodfowler.com/bees_pollen.html,2026-10-07,103,True,https://www.discoverlife.org/20/q?search=Andrena+senticulosa,http://plants.usda.gov/plant-profile/KRIGI,explicit_source_label,
Andrena senticulosa,Andrenidae,Pyrrhopappus,Asteraceae,genus,listed,pollen_host,fowler-central-2020,https://jarrodfowler.com/bees_pollen.html,2026-10-07,103,True,https://www.discoverlife.org/20/q?search=Andrena+senticulosa,https://plants.usda.gov/plant-profile/PYRRH,explicit_source_label,
Andrena simulata,Andrenidae,Viguiera,Asteraceae,genus,listed,pollen_host,fowler-central-2020,https://jarrodfowler.com/bees_pollen.html,2026-10-07,106,True,https://www.discoverlife.org/20/q?search=Andrena+simulata,https://plants.usda.gov/plant-profile/VIGUI,explicit_source_label,
Andrena sitiliae,Andrenidae,Pyrrhopappus,Asteraceae,genus,listed,pollen_host,fowler-central-2020,https://jarrodfowler.com/bees_pollen.html,2026-10-07,107,True,https://www.discoverlife.org/20/q?search=Andrena+sitiliae,https://plants.usda.gov/plant-profile/PYRRH,explicit_source_label,
Andrena texana,Andrenidae,Amphiachyris,Asteraceae,genus,listed,pollen_host,fowler-central-2020,https://jarrodfowler.com/bees_pollen.html,2026-10-07,110,True,https://www.discoverlife.org/20/q?search=Andrena+texana,https://plants.usda.gov/plant-profile/AMPHI8,explicit_source_label,
Andrena tonkaworum,Andrenidae,Engelmannia,Asteraceae,genus,listed,pollen_host,fowler-central-2020,https://jarrodfowler.com/bees_pollen.html,2026-10-07,111,True,https://www.discoverlife.org/20/q?search=Andrena+tonkaworum,https://plants.usda.gov/plant-profile/ENGEL,explicit_source_label,
Andrena trapezoidea,Andrenidae,Lesquerella,,genus,listed,pollen_host,fowler-central-2020,https://jarrodfowler.com/bees_pollen.html,2026-10-07,112,True,https://www.discoverlife.org/20/q?search=Andrena+trapezoidea,https://plants.usda.gov/plant-profile/LESQU,not_stated,
Andrena trimaculata,Andrenidae,Helianthus,Asteraceae,genus,listed,pollen_host,fowler-central-2020,https://jarrodfowler.com/bees_pollen.html,2026-10-07,113,True,https://www.discoverlife.org/20/q?search=Andrena+trimaculata,https://plants.usda.gov/plant-profile/HELIA3,explicit_source_label,
Andrena verbesinae,Andrenidae,Grindelia,Asteraceae,genus,listed,pollen_host,fowler-central-2020,https://jarrodfowler.com/bees_pollen.html,2026-10-07,115,True,https://www.discoverlife.org/20/q?search=Andrena+verbesinae,https://plants.usda.gov/plant-profile/GRIND,explicit_source_label,
Andrena verbesinae,Andrenidae,Heliomeris,Asteraceae,genus,listed,pollen_host,fowler-central-2020,https://jarrodfowler.com/bees_pollen.html,2026-10-07,115,True,https://www.discoverlife.org/20/q?search=Andrena+verbesinae,https://plants.usda.gov/plant-profile/HELIO4,explicit_source_label,
Andrena verbesinae,Andrenidae,Verbesina,Asteraceae,genus,listed,pollen_host,fowler-central-2020,https://jarrodfowler.com/bees_pollen.html,2026-10-07,115,True,https://www.discoverlife.org/20/q?search=Andrena+verbesinae,https://plants.usda.gov/plant-profile/VERBE2,explicit_source_label,
Andrena verecunda,Andrenidae,Engelmannia,Asteraceae,genus,listed,pollen_host,fowler-central-2020,https://jarrodfowler.com/bees_pollen.html,2026-10-07,116,True,https://www.discoverlife.org/20/q?search=Andrena+verecunda,https://plants.usda.gov/plant-profile/ENGEL,explicit_source_label,
Andrena verecunda,Andrenidae,Gaillardia,Asteraceae,genus,listed,pollen_host,fowler-central-2020,https://jarrodfowler.com/bees_pollen.html,2026-10-07,116,True,https://www.discoverlife.org/20/q?search=Andrena+verecunda,https://plants.usda.gov/plant-profile/GAILL,explicit_source_label,
Andrena verecunda,Andrenidae,Pyrrhopappus,Asteraceae,genus,listed,pollen_host,fowler-central-2020,https://jarrodfowler.com/bees_pollen.html,2026-10-07,116,True,https://www.discoverlife.org/20/q?search=Andrena+verecunda,https://plants.usda.gov/plant-profile/PYRRH,explicit_source_label,
Andrena vulpicolor,Andrenidae,Chrysothamnus,Asteraceae,genus,listed,pollen_host,fowler-central-2020,https://jarrodfowler.com/bees_pollen.html,2026-10-07,119,True,https://www.discoverlife.org/20/q?search=Andrena+vulpicolor,https://plants.usda.gov/plant-profile/CHRYS9,explicit_source_label,
Andrena vulpicolor,Andrenidae,Ericameria,Asteraceae,genus,listed,pollen_host,fowler-central-2020,https://jarrodfowler.com/bees_pollen.html,2026-10-07,119,True,https://www.discoverlife.org/20/q?search=Andrena+vulpicolor,https://plants.usda.gov/plant-profile/ERICA2,explicit_source_label,
Andrena vulpicolor,Andrenidae,Heliomeris,Asteraceae,genus,listed,pollen_host,fowler-central-2020,https://jarrodfowler.com/bees_pollen.html,2026-10-07,119,True,https://www.discoverlife.org/20/q?search=Andrena+vulpicolor,https://plants.usda.gov/plant-profile/HELIO4,explicit_source_label,
Andrena vulpicolor,Andrenidae,Heterotheca,Asteraceae,genus,listed,pollen_host,fowler-central-2020,https://jarrodfowler.com/bees_pollen.html,2026-10-07,119,True,https://www.discoverlife.org/20/q?search=Andrena+vulpicolor,https://plants.usda.gov/plant-profile/HETER8,explicit_source_label,
Andrena vulpicolor,Andrenidae,Senecio,Asteraceae,genus,listed,pollen_host,fowler-central-2020,https://jarrodfowler.com/bees_pollen.html,2026-10-07,119,True,https://www.discoverlife.org/20/q?search=Andrena+vulpicolor,https://plants.usda.gov/plant-profile/SENEC,explicit_source_label,
Andrena vulpicolor,Andrenidae,Viguiera,Asteraceae,genus,listed,pollen_host,fowler-central-2020,https://jarrodfowler.com/bees_pollen.html,2026-10-07,119,True,https://www.discoverlife.org/20/q?search=Andrena+vulpicolor,https://plants.usda.gov/plant-profile/VIGUI,explicit_source_label,
Anthidium atripes,Megachilidae,Astragalus,Fabaceae,genus,listed,pollen_host,fowler-central-2020,https://jarrodfowler.com/bees_pollen.html,2026-10-07,424,True,https://www.discoverlife.org/20/q?search=Anthidium+atripes,https://plants.usda.gov/plant-profile/ASTRA,explicit_source_label,
Anthidium atripes,Megachilidae,Lotus,Fabaceae,genus,listed,pollen_host,fowler-central-2020,https://jarrodfowler.com/bees_pollen.html,2026-10-07,424,True,https://www.discoverlife.org/20/q?search=Anthidium+atripes,https://plants.usda.gov/plant-profile/LOTUS,explicit_source_label,
Anthidium emarginatum,Megachilidae,Phacelia,,genus,listed,pollen_host,fowler-central-2020,https://jarrodfowler.com/bees_pollen.html,2026-10-07,426,True,https://www.discoverlife.org/20/q?search=Anthidium+emarginatum,https://plants.usda.gov/plant-profile/PHACE,not_stated,
Anthidium palmarum,Megachilidae,Phacelia,,genus,listed,pollen_host,fowler-central-2020,https://jarrodfowler.com/bees_pollen.html,2026-10-07,428,True,https://www.discoverlife.org/20/q?search=Anthidium+palmarum,https://plants.usda.gov/plant-profile/PHACE,not_stated,
Anthidium psoraleae,Megachilidae,Fabaceae,Fabaceae,family,listed,pollen_host,fowler-central-2020,https://jarrodfowler.com/bees_pollen.html,2026-10-07,429,True,https://www.discoverlife.org/20/q?search=Anthidium+psoraleae,https://plants.usda.gov/plant-profile/FABACE?searchName=Family,explicit_source_label,
Anthophora affabilis,Apidae,Oenothera,,genus,listed,pollen_host,fowler-central-2020,https://jarrodfowler.com/bees_pollen.html,2026-10-07,266,True,https://www.discoverlife.org/20/q?search=Anthophora+affabilis,https://plants.usda.gov/plant-profile/OENOT,not_stated,
Anthophora curta,Apidae,Baileya,Asteraceae,genus,listed,pollen_host,fowler-central-2020,https://jarrodfowler.com/bees_pollen.html,2026-10-07,267,True,https://www.discoverlife.org/20/q?search=Anthophora+curta,https://plants.usda.gov/plant-profile/BAILE,explicit_source_label,
Anthophora curta,Apidae,Bebbia,Asteraceae,genus,listed,pollen_host,fowler-central-2020,https://jarrodfowler.com/bees_pollen.html,2026-10-07,267,True,https://www.discoverlife.org/20/q?search=Anthophora+curta,https://plants.usda.gov/plant-profile/BEBBI,explicit_source_label,
Anthophora curta,Apidae,Coreopsis,Asteraceae,genus,listed,pollen_host,fowler-central-2020,https://jarrodfowler.com/bees_pollen.html,2026-10-07,267,True,https://www.discoverlife.org/20/q?search=Anthophora+curta,https://plants.usda.gov/plant-profile/COREO2,explicit_source_label,
Anthophora curta,Apidae,Encelia,Asteraceae,genus,listed,pollen_host,fowler-central-2020,https://jarrodfowler.com/bees_pollen.html,2026-10-07,267,True,https://www.discoverlife.org/20/q?search=Anthophora+curta,https://plants.usda.gov/plant-profile/ENCEL,explicit_source_label,
Anthophora curta,Apidae,Ericameria,Asteraceae,genus,listed,pollen_host,fowler-central-2020,https://jarrodfowler.com/bees_pollen.html,2026-10-07,267,True,https://www.discoverlife.org/20/q?search=Anthophora+curta,https://plants.usda.gov/plant-profile/ERICA2,explicit_source_label,
Anthophora curta,Apidae,Gaillardia,Asteraceae,genus,listed,pollen_host,fowler-central-2020,https://jarrodfowler.com/bees_pollen.html,2026-10-07,267,True,https://www.discoverlife.org/20/q?search=Anthophora+curta,https://plants.usda.gov/plant-profile/GAILL,explicit_source_label,
Anthophora curta,Apidae,Grindelia,Asteraceae,genus,listed,pollen_host,fowler-central-2020,https://jarrodfowler.com/bees_pollen.html,2026-10-07,267,True,https://www.discoverlife.org/20/q?search=Anthophora+curta,https://plants.usda.gov/plant-profile/GRIND,explicit_source_label,
Anthophora curta,Apidae,Gutierrezia,Asteraceae,genus,listed,pollen_host,fowler-central-2020,https://jarrodfowler.com/bees_pollen.html,2026-10-07,267,True,https://www.discoverlife.org/20/q?search=Anthophora+curta,https://plants.usda.gov/plant-profile/GUTIE,explicit_source_label,
Anthophora curta,Apidae,Haplopappus,Asteraceae,genus,listed,pollen_host,fowler-central-2020,https://jarrodfowler.com/bees_pollen.html,2026-10-07,267,True,https://www.discoverlife.org/20/q?search=Anthophora+curta,https://plants.usda.gov/plant-profile/HAPLO11,explicit_source_label,
Anthophora curta,Apidae,Helianthus,Asteraceae,genus,listed,pollen_host,fowler-central-2020,https://jarrodfowler.com/bees_pollen.html,2026-10-07,267,True,https://www.discoverlife.org/20/q?search=Anthophora+curta,https://plants.usda.gov/plant-profile/HELIA3,explicit_source_label,
Anthophora curta,Apidae,Heterotheca,Asteraceae,genus,listed,pollen_host,fowler-central-2020,https://jarrodfowler.com/bees_pollen.html,2026-10-07,267,True,https://www.discoverlife.org/20/q?search=Anthophora+curta,https://plants.usda.gov/plant-profile/HETER8,explicit_source_label,
Anthophora curta,Apidae,Hymenothrix,Asteraceae,genus,listed,pollen_host,fowler-central-2020,https://jarrodfowler.com/bees_pollen.html,2026-10-07,267,True,https://www.discoverlife.org/20/q?search=Anthophora+curta,https://plants.usda.gov/plant-profile/HYMEN6,explicit_source_label,
Anthophora curta,Apidae,Machaeranthera,Asteraceae,genus,listed,pollen_host,fowler-central-2020,https://jarrodfowler.com/bees_pollen.html,2026-10-07,267,True,https://www.discoverlife.org/20/q?search=Anthophora+curta,https://plants.usda.gov/plant-profile/MACHA,explicit_source_label,
Anthophora curta,Apidae,Palafoxia,Asteraceae,genus,listed,pollen_host,fowler-central-2020,https://jarrodfowler.com/bees_pollen.html,2026-10-07,267,True,https://www.discoverlife.org/20/q?search=Anthophora+curta,https://plants.usda.gov/plant-profile/PALAF,explicit_source_label,
Anthophora curta,Apidae,Solidago,Asteraceae,genus,listed,pollen_host,fowler-central-2020,https://jarrodfowler.com/bees_pollen.html,2026-10-07,267,True,https://www.discoverlife.org/20/q?search=Anthophora+curta,https://plants.usda.gov/plant-profile/SOLID,explicit_source_label,
Anthophora curta,Apidae,Stephanomeria,Asteraceae,genus,listed,pollen_host,fowler-central-2020,https://jarrodfowler.com/bees_pollen.html,2026-10-07,267,True,https://www.discoverlife.org/20/q?search=Anthophora+curta,https://plants.usda.gov/plant-profile/STEPH,explicit_source_label,
Anthophora curta,Apidae,Verbesina,Asteraceae,genus,listed,pollen_host,fowler-central-2020,https://jarrodfowler.com/bees_pollen.html,2026-10-07,267,True,https://www.discoverlife.org/20/q?search=Anthophora+curta,https://plants.usda.gov/plant-profile/VERBE2,explicit_source_label,
Anthophora porterae,Apidae,Astragalus,,genus,listed,pollen_host,fowler-central-2020,https://jarrodfowler.com/bees_pollen.html,2026-10-07,268,True,https://www.discoverlife.org/20/q?search=Anthophora+porterae,https://plants.usda.gov/plant-profile/ASTRA,not_stated,
Anthophorula asteris,Apidae,Symphyotrichum,,genus,listed,pollen_host,fowler-central-2020,https://jarrodfowler.com/bees_pollen.html,2026-10-07,359,True,https://www.discoverlife.org/20/q?search=Anthophorula+asteris,https://plants.usda.gov/plant-profile/SYMPH4,not_stated,
Anthophorula micheneri,Apidae,Agalinis,,genus,listed,pollen_host,fowler-central-2020,https://jarrodfowler.com/bees_pollen.html,2026-10-07,360,True,https://www.discoverlife.org/20/q?search=Anthophorula+micheneri,http://plants.usda.gov/plant-profile/AGALI,not_stated,
Ashmeadiella bucconis,Megachilidae,Baileya,Asteraceae,genus,listed,pollen_host,fowler-central-2020,https://jarrodfowler.com/bees_pollen.html,2026-10-07,466,True,https://www.discoverlife.org/20/q?search=Ashmeadiella+bucconis,https://plants.usda.gov/plant-profile/BAILE,explicit_source_label,
Ashmeadiella bucconis,Megachilidae,Chaenactis,Asteraceae,genus,listed,pollen_host,fowler-central-2020,https://jarrodfowler.com/bees_pollen.html,2026-10-07,466,True,https://www.discoverlife.org/20/q?search=Ashmeadiella+bucconis,https://plants.usda.gov/plant-profile/CHAEN,explicit_source_label,
Ashmeadiella bucconis,Megachilidae,Chrysothamnus,Asteraceae,genus,listed,pollen_host,fowler-central-2020,https://jarrodfowler.com/bees_pollen.html,2026-10-07,466,True,https://www.discoverlife.org/20/q?search=Ashmeadiella+bucconis,https://plants.usda.gov/plant-profile/CHRYS9,explicit_source_label,
Ashmeadiella bucconis,Megachilidae,Coreopsis,Asteraceae,genus,listed,pollen_host,fowler-central-2020,https://jarrodfowler.com/bees_pollen.html,2026-10-07,466,True,https://www.discoverlife.org/20/q?search=Ashmeadiella+bucconis,https://plants.usda.gov/plant-profile/COREO2,explicit_source_label,
Ashmeadiella bucconis,Megachilidae,Echinacea,Asteraceae,genus,listed,pollen_host,fowler-central-2020,https://jarrodfowler.com/bees_pollen.html,2026-10-07,466,True,https://www.discoverlife.org/20/q?search=Ashmeadiella+bucconis,https://plants.usda.gov/plant-profile/ECHIN,explicit_source_label,
Ashmeadiella bucconis,Megachilidae,Encelia,Asteraceae,genus,listed,pollen_host,fowler-central-2020,https://jarrodfowler.com/bees_pollen.html,2026-10-07,466,True,https://www.discoverlife.org/20/q?search=Ashmeadiella+bucconis,https://plants.usda.gov/plant-profile/ENCEL,explicit_source_label,
Ashmeadiella bucconis,Megachilidae,Ericameria,Asteraceae,genus,listed,pollen_host,fowler-central-2020,https://jarrodfowler.com/bees_pollen.html,2026-10-07,466,True,https://www.discoverlife.org/20/q?search=Ashmeadiella+bucconis,https://plants.usda.gov/plant-profile/ERICA2,explicit_source_label,
Ashmeadiella bucconis,Megachilidae,Erigeron,Asteraceae,genus,listed,pollen_host,fowler-central-2020,https://jarrodfowler.com/bees_pollen.html,2026-10-07,466,True,https://www.discoverlife.org/20/q?search=Ashmeadiella+bucconis,https://plants.usda.gov/plant-profile/ERIGE2,explicit_source_label,
Ashmeadiella bucconis,Megachilidae,Grindelia,Asteraceae,genus,listed,pollen_host,fowler-central-2020,https://jarrodfowler.com/bees_pollen.html,2026-10-07,466,True,https://www.discoverlife.org/20/q?search=Ashmeadiella+bucconis,https://plants.usda.gov/plant-profile/GRIND,explicit_source_label,
Ashmeadiella bucconis,Megachilidae,Gutierrezia,Asteraceae,genus,listed,pollen_host,fowler-central-2020,https://jarrodfowler.com/bees_pollen.html,2026-10-07,466,True,https://www.discoverlife.org/20/q?search=Ashmeadiella+bucconis,https://plants.usda.gov/plant-profile/GUTIE,explicit_source_label,
Ashmeadiella bucconis,Megachilidae,Heliomeris,Asteraceae,genus,listed,pollen_host,fowler-central-2020,https://jarrodfowler.com/bees_pollen.html,2026-10-07,466,True,https://www.discoverlife.org/20/q?search=Ashmeadiella+bucconis,https://plants.usda.gov/plant-profile/HELIO4,explicit_source_label,
Ashmeadiella bucconis,Megachilidae,Heterotheca,Asteraceae,genus,listed,pollen_host,fowler-central-2020,https://jarrodfowler.com/bees_pollen.html,2026-10-07,466,True,https://www.discoverlife.org/20/q?search=Ashmeadiella+bucconis,https://plants.usda.gov/plant-profile/HETER8,explicit_source_label,
Ashmeadiella bucconis,Megachilidae,Hymenothrix,Asteraceae,genus,listed,pollen_host,fowler-central-2020,https://jarrodfowler.com/bees_pollen.html,2026-10-07,466,True,https://www.discoverlife.org/20/q?search=Ashmeadiella+bucconis,https://plants.usda.gov/plant-profile/HYMEN6,explicit_source_label,
Ashmeadiella bucconis,Megachilidae,Isocoma,Asteraceae,genus,listed,pollen_host,fowler-central-2020,https://jarrodfowler.com/bees_pollen.html,2026-10-07,466,True,https://www.discoverlife.org/20/q?search=Ashmeadiella+bucconis,https://plants.usda.gov/plant-profile/ISOCO,explicit_source_label,
Ashmeadiella bucconis,Megachilidae,Lactuca,Asteraceae,genus,listed,pollen_host,fowler-central-2020,https://jarrodfowler.com/bees_pollen.html,2026-10-07,466,True,https://www.discoverlife.org/20/q?search=Ashmeadiella+bucconis,https://plants.usda.gov/plant-profile/LACTU,explicit_source_label,
Ashmeadiella bucconis,Megachilidae,Machaeranthera,Asteraceae,genus,listed,pollen_host,fowler-central-2020,https://jarrodfowler.com/bees_pollen.html,2026-10-07,466,True,https://www.discoverlife.org/20/q?search=Ashmeadiella+bucconis,https://plants.usda.gov/plant-profile/MACHA,explicit_source_label,
Ashmeadiella bucconis,Megachilidae,Pectis,Asteraceae,genus,listed,pollen_host,fowler-central-2020,https://jarrodfowler.com/bees_pollen.html,2026-10-07,466,True,https://www.discoverlife.org/20/q?search=Ashmeadiella+bucconis,https://plants.usda.gov/plant-profile/PECTI,explicit_source_label,
Ashmeadiella bucconis,Megachilidae,Senecio,Asteraceae,genus,listed,pollen_host,fowler-central-2020,https://jarrodfowler.com/bees_pollen.html,2026-10-07,466,True,https://www.discoverlife.org/20/q?search=Ashmeadiella+bucconis,https://plants.usda.gov/plant-profile/SENEC,explicit_source_label,
Ashmeadiella bucconis,Megachilidae,Solidago,Asteraceae,genus,listed,pollen_host,fowler-central-2020,https://jarrodfowler.com/bees_pollen.html,2026-10-07,466,True,https://www.discoverlife.org/20/q?search=Ashmeadiella+bucconis,https://plants.usda.gov/plant-profile/SOLID,explicit_source_label,
Ashmeadiella bucconis,Megachilidae,Verbesina,Asteraceae,genus,listed,pollen_host,fowler-central-2020,https://jarrodfowler.com/bees_pollen.html,2026-10-07,466,True,https://www.discoverlife.org/20/q?search=Ashmeadiella+bucconis,https://plants.usda.gov/plant-profile/VERBE2,explicit_source_label,
Ashmeadiella bucconis,Megachilidae,Xanthisma,Asteraceae,genus,listed,pollen_host,fowler-central-2020,https://jarrodfowler.com/bees_pollen.html,2026-10-07,466,True,https://www.discoverlife.org/20/q?search=Ashmeadiella+bucconis,https://plants.usda.gov/plant-profile/XANTH,explicit_source_label,
Ashmeadiella cubiceps,Megachilidae,Baileya,Asteraceae,genus,listed,pollen_host,fowler-central-2020,https://jarrodfowler.com/bees_pollen.html,2026-10-07,467,True,https://www.discoverlife.org/20/q?search=Ashmeadiella+cubiceps,https://plants.usda.gov/plant-profile/BAILE,explicit_source_label,
Ashmeadiella cubiceps,Megachilidae,Chaenactis,Asteraceae,genus,listed,pollen_host,fowler-central-2020,https://jarrodfowler.com/bees_pollen.html,2026-10-07,467,True,https://www.discoverlife.org/20/q?search=Ashmeadiella+cubiceps,https://plants.usda.gov/plant-profile/CHAEN,explicit_source_label,
Ashmeadiella cubiceps,Megachilidae,Encelia,Asteraceae,genus,listed,pollen_host,fowler-central-2020,https://jarrodfowler.com/bees_pollen.html,2026-10-07,467,True,https://www.discoverlife.org/20/q?search=Ashmeadiella+cubiceps,https://plants.usda.gov/plant-profile/ENCEL,explicit_source_label,
Ashmeadiella cubiceps,Megachilidae,Ericameria,Asteraceae,genus,listed,pollen_host,fowler-central-2020,https://jarrodfowler.com/bees_pollen.html,2026-10-07,467,True,https://www.discoverlife.org/20/q?search=Ashmeadiella+cubiceps,https://plants.usda.gov/plant-profile/ERICA2,explicit_source_label,
Ashmeadiella cubiceps,Megachilidae,Erigeron,Asteraceae,genus,listed,pollen_host,fowler-central-2020,https://jarrodfowler.com/bees_pollen.html,2026-10-07,467,True,https://www.discoverlife.org/20/q?search=Ashmeadiella+cubiceps,https://plants.usda.gov/plant-profile/ERIGE2,explicit_source_label,
Ashmeadiella cubiceps,Megachilidae,Heliomeris,Asteraceae,genus,listed,pollen_host,fowler-central-2020,https://jarrodfowler.com/bees_pollen.html,2026-10-07,467,True,https://www.discoverlife.org/20/q?search=Ashmeadiella+cubiceps,https://plants.usda.gov/plant-profile/HELIO4,explicit_source_label,
Ashmeadiella cubiceps,Megachilidae,Hieracium,Asteraceae,genus,listed,pollen_host,fowler-central-2020,https://jarrodfowler.com/bees_pollen.html,2026-10-07,467,True,https://www.discoverlife.org/20/q?search=Ashmeadiella+cubiceps,https://plants.usda.gov/plant-profile/HIERA,explicit_source_label,
Ashmeadiella cubiceps,Megachilidae,Malacothrix,Asteraceae,genus,listed,pollen_host,fowler-central-2020,https://jarrodfowler.com/bees_pollen.html,2026-10-07,467,True,https://www.discoverlife.org/20/q?search=Ashmeadiella+cubiceps,https://plants.usda.gov/plant-profile/MALAC3,explicit_source_label,
Ashmeadiella erema,Megachilidae,Dalea,Fabaceae,genus,listed,pollen_host,fowler-central-2020,https://jarrodfowler.com/bees_pollen.html,2026-10-07,468,True,https://www.discoverlife.org/20/q?search=Ashmeadiella+erema,https://plants.usda.gov/plant-profile/DALEA,explicit_source_label,
Ashmeadiella erema,Megachilidae,Hedysarum,Fabaceae,genus,listed,pollen_host,fowler-central-2020,https://jarrodfowler.com/bees_pollen.html,2026-10-07,468,True,https://www.discoverlife.org/20/q?search=Ashmeadiella+erema,https://plants.usda.gov/plant-profile/HEDYS,explicit_source_label,
Ashmeadiella erema,Megachilidae,Lupinus,Fabaceae,genus,listed,pollen_host,fowler-central-2020,https://jarrodfowler.com/bees_pollen.html,2026-10-07,468,True,https://www.discoverlife.org/20/q?search=Ashmeadiella+erema,https://plants.usda.gov/plant-profile/LUPIN,explicit_source_label,
Ashmeadiella erema,Megachilidae,Psorothamnus,Fabaceae,genus,listed,pollen_host,fowler-central-2020,https://jarrodfowler.com/bees_pollen.html,2026-10-07,468,True,https://www.discoverlife.org/20/q?search=Ashmeadiella+erema,https://plants.usda.gov/plant-profile/PSORO,explicit_source_label,
Ashmeadiella opuntiae,Megachilidae,Cylindropuntia,Cactaceae,genus,listed,pollen_host,fowler-central-2020,https://jarrodfowler.com/bees_pollen.html,2026-10-07,469,True,https://www.discoverlife.org/20/q?search=Ashmeadiella+opuntiae,https://plants.usda.gov/plant-profile/CYLIN2,explicit_source_label,
Ashmeadiella opuntiae,Megachilidae,Echinocactus,Cactaceae,genus,listed,pollen_host,fowler-central-2020,https://jarrodfowler.com/bees_pollen.html,2026-10-07,469,True,https://www.discoverlife.org/20/q?search=Ashmeadiella+opuntiae,https://plants.usda.gov/plant-profile/ECHIN2,explicit_source_label,
Ashmeadiella opuntiae,Megachilidae,Ferocactus,Cactaceae,genus,listed,pollen_host,fowler-central-2020,https://jarrodfowler.com/bees_pollen.html,2026-10-07,469,True,https://www.discoverlife.org/20/q?search=Ashmeadiella+opuntiae,https://plants.usda.gov/plant-profile/FEROC,explicit_source_label,
Ashmeadiella opuntiae,Megachilidae,Opuntia,Cactaceae,genus,listed,pollen_host,fowler-central-2020,https://jarrodfowler.com/bees_pollen.html,2026-10-07,469,True,https://www.discoverlife.org/20/q?search=Ashmeadiella+opuntiae,https://plants.usda.gov/plant-profile/OPUNT,explicit_source_label,
Ashmeadiella prosopidis,Megachilidae,Dalea,Fabaceae,genus,listed,pollen_host,fowler-central-2020,https://jarrodfowler.com/bees_pollen.html,2026-10-07,470,True,https://www.discoverlife.org/20/q?search=Ashmeadiella+prosopidis,https://plants.usda.gov/plant-profile/DALEA,explicit_source_label,
Ashmeadiella prosopidis,Megachilidae,Parkinsonia,Fabaceae,genus,listed,pollen_host,fowler-central-2020,https://jarrodfowler.com/bees_pollen.html,2026-10-07,470,True,https://www.discoverlife.org/20/q?search=Ashmeadiella+prosopidis,https://plants.usda.gov/plant-profile/PARKI2,explicit_source_label,
Ashmeadiella prosopidis,Megachilidae,Prosopis,Fabaceae,genus,listed,pollen_host,fowler-central-2020,https://jarrodfowler.com/bees_pollen.html,2026-10-07,470,True,https://www.discoverlife.org/20/q?search=Ashmeadiella+prosopidis,https://plants.usda.gov/plant-profile/PROSO,explicit_source_label,
Ashmeadiella prosopidis,Megachilidae,Psorothamnus,Fabaceae,genus,listed,pollen_host,fowler-central-2020,https://jarrodfowler.com/bees_pollen.html,2026-10-07,470,True,https://www.discoverlife.org/20/q?search=Ashmeadiella+prosopidis,https://plants.usda.gov/plant-profile/PSORO,explicit_source_label,
Ashmeadiella rhodognatha,Megachilidae,Dalea,Fabaceae,genus,listed,pollen_host,fowler-central-2020,https://jarrodfowler.com/bees_pollen.html,2026-10-07,471,True,https://www.discoverlife.org/20/q?search=Ashmeadiella+rhodognatha,https://plants.usda.gov/plant-profile/DALEA,explicit_source_label,
Ashmeadiella rhodognatha,Megachilidae,Parkinsonia,Fabaceae,genus,listed,pollen_host,fowler-central-2020,https://jarrodfowler.com/bees_pollen.html,2026-10-07,471,True,https://www.discoverlife.org/20/q?search=Ashmeadiella+rhodognatha,https://plants.usda.gov/plant-profile/PARKI2,explicit_source_label,
Ashmeadiella rhodognatha,Megachilidae,Prosopis,Fabaceae,genus,listed,pollen_host,fowler-central-2020,https://jarrodfowler.com/bees_pollen.html,2026-10-07,471,True,https://www.discoverlife.org/20/q?search=Ashmeadiella+rhodognatha,https://plants.usda.gov/plant-profile/PROSO,explicit_source_label,
Ashmeadiella rhodognatha,Megachilidae,Psorothamnus,Fabaceae,genus,listed,pollen_host,fowler-central-2020,https://jarrodfowler.com/bees_pollen.html,2026-10-07,471,True,https://www.discoverlife.org/20/q?search=Ashmeadiella+rhodognatha,https://plants.usda.gov/plant-profile/PSORO,explicit_source_label,
Ashmeadiella rubrella,Megachilidae,Dalea,Fabaceae,genus,listed,pollen_host,fowler-central-2020,https://jarrodfowler.com/bees_pollen.html,2026-10-07,472,True,https://www.discoverlife.org/20/q?search=Ashmeadiella+rubrella,https://plants.usda.gov/plant-profile/DALEA,explicit_source_label,
Ashmeadiella rubrella,Megachilidae,Prosopis,Fabaceae,genus,listed,pollen_host,fowler-central-2020,https://jarrodfowler.com/bees_pollen.html,2026-10-07,472,True,https://www.discoverlife.org/20/q?search=Ashmeadiella+rubrella,https://plants.usda.gov/plant-profile/PROSO,explicit_source_label,
Ashmeadiella rubrella,Megachilidae,Psorothamnus,Fabaceae,genus,listed,pollen_host,fowler-central-2020,https://jarrodfowler.com/bees_pollen.html,2026-10-07,472,True,https://www.discoverlife.org/20/q?search=Ashmeadiella+rubrella,https://plants.usda.gov/plant-profile/PSORO,explicit_source_label,
Atoposmia daleae,Megachilidae,Dalea,,genus,listed,pollen_host,fowler-central-2020,https://jarrodfowler.com/bees_pollen.html,2026-10-07,473,True,https://www.discoverlife.org/20/q?search=Atoposmia+daleae,https://plants.usda.gov/plant-profile/DALEA,not_stated,
Calliopsis beamerorum,Andrenidae,Nama,,genus,listed,pollen_host,fowler-central-2020,https://jarrodfowler.com/bees_pollen.html,2026-10-07,123,True,https://www.discoverlife.org/20/q?search=Calliopsis+beamerorum,https://plants.usda.gov/plant-profile/NAMA4,not_stated,
Calliopsis callops,Andrenidae,Chamaesaracha,,genus,listed,pollen_host,fowler-central-2020,https://jarrodfowler.com/bees_pollen.html,2026-10-07,124,True,https://www.discoverlife.org/20/q?search=Calliopsis+callops,https://plants.usda.gov/plant-profile/CHAMA8,not_stated,
Calliopsis callops,Andrenidae,Physalis,,genus,listed,pollen_host,fowler-central-2020,https://jarrodfowler.com/bees_pollen.html,2026-10-07,124,True,https://www.discoverlife.org/20/q?search=Calliopsis+callops,https://plants.usda.gov/plant-profile/PHYSA,not_stated,
Calliopsis callosa,Andrenidae,Tidestromia,,genus,listed,pollen_host,fowler-central-2020,https://jarrodfowler.com/bees_pollen.html,2026-10-07,125,True,https://www.discoverlife.org/20/q?search=Calliopsis+callosa,https://plants.usda.gov/plant-profile/TIDES,not_stated,
Calliopsis coloradensis,Andrenidae,Chrysopsis,Asteraceae,genus,listed,pollen_host,fowler-central-2020,https://jarrodfowler.com/bees_pollen.html,2026-10-07,126,True,https://www.discoverlife.org/20/q?search=Calliopsis+coloradensis,http://plants.usda.gov/plant-profile/CHRYS7,explicit_source_label,
Calliopsis coloradensis,Andrenidae,Chrysothamnus,Asteraceae,genus,listed,pollen_host,fowler-central-2020,https://jarrodfowler.com/bees_pollen.html,2026-10-07,126,True,https://www.discoverlife.org/20/q?search=Calliopsis+coloradensis,https://plants.usda.gov/plant-profile/CHRYS9,explicit_source_label,
Calliopsis coloradensis,Andrenidae,Ericameria,Asteraceae,genus,listed,pollen_host,fowler-central-2020,https://jarrodfowler.com/bees_pollen.html,2026-10-07,126,True,https://www.discoverlife.org/20/q?search=Calliopsis+coloradensis,https://plants.usda.gov/plant-profile/ERICA2,explicit_source_label,
Calliopsis coloradensis,Andrenidae,Grindelia,Asteraceae,genus,listed,pollen_host,fowler-central-2020,https://jarrodfowler.com/bees_pollen.html,2026-10-07,126,True,https://www.discoverlife.org/20/q?search=Calliopsis+coloradensis,https://plants.usda.gov/plant-profile/GRIND,explicit_source_label,
Calliopsis coloradensis,Andrenidae,Gutierrezia,Asteraceae,genus,listed,pollen_host,fowler-central-2020,https://jarrodfowler.com/bees_pollen.html,2026-10-07,126,True,https://www.discoverlife.org/20/q?search=Calliopsis+coloradensis,https://plants.usda.gov/plant-profile/GUTIE,explicit_source_label,
Calliopsis coloradensis,Andrenidae,Helianthus,Asteraceae,genus,listed,pollen_host,fowler-central-2020,https://jarrodfowler.com/bees_pollen.html,2026-10-07,126,True,https://www.discoverlife.org/20/q?search=Calliopsis+coloradensis,https://plants.usda.gov/plant-profile/HELIA3,explicit_source_label,
Calliopsis coloradensis,Andrenidae,Heliomeris,Asteraceae,genus,listed,pollen_host,fowler-central-2020,https://jarrodfowler.com/bees_pollen.html,2026-10-07,126,True,https://www.discoverlife.org/20/q?search=Calliopsis+coloradensis,https://plants.usda.gov/plant-profile/HELIO4,explicit_source_label,
Calliopsis coloradensis,Andrenidae,Heterotheca,Asteraceae,genus,listed,pollen_host,fowler-central-2020,https://jarrodfowler.com/bees_pollen.html,2026-10-07,126,True,https://www.discoverlife.org/20/q?search=Calliopsis+coloradensis,https://plants.usda.gov/plant-profile/HETER8,explicit_source_label,
Calliopsis coloradensis,Andrenidae,Xanthisma,Asteraceae,genus,listed,pollen_host,fowler-central-2020,https://jarrodfowler.com/bees_pollen.html,2026-10-07,126,True,https://www.discoverlife.org/20/q?search=Calliopsis+coloradensis,https://plants.usda.gov/plant-profile/XANTH,explicit_source_label,
Calliopsis coloratipes,Andrenidae,Baileya,Asteraceae,genus,listed,pollen_host,fowler-central-2020,https://jarrodfowler.com/bees_pollen.html,2026-10-07,127,True,https://www.discoverlife.org/20/q?search=Calliopsis+coloratipes,https://plants.usda.gov/plant-profile/BAILE,explicit_source_label,
Calliopsis coloratipes,Andrenidae,Haplopappus,Asteraceae,genus,listed,pollen_host,fowler-central-2020,https://jarrodfowler.com/bees_pollen.html,2026-10-07,127,True,https://www.discoverlife.org/20/q?search=Calliopsis+coloratipes,https://plants.usda.gov/plant-profile/HAPLO11,explicit_source_label,
Calliopsis coloratipes,Andrenidae,Helianthus,Asteraceae,genus,listed,pollen_host,fowler-central-2020,https://jarrodfowler.com/bees_pollen.html,2026-10-07,127,True,https://www.discoverlife.org/20/q?search=Calliopsis+coloratipes,https://plants.usda.gov/plant-profile/HELIA3,explicit_source_label,
Calliopsis coloratipes,Andrenidae,Heterotheca,Asteraceae,genus,listed,pollen_host,fowler-central-2020,https://jarrodfowler.com/bees_pollen.html,2026-10-07,127,True,https://www.discoverlife.org/20/q?search=Calliopsis+coloratipes,https://plants.usda.gov/plant-profile/HETER8,explicit_source_label,
Calliopsis coloratipes,Andrenidae,Verbesina,Asteraceae,genus,listed,pollen_host,fowler-central-2020,https://jarrodfowler.com/bees_pollen.html,2026-10-07,127,True,https://www.discoverlife.org/20/q?search=Calliopsis+coloratipes,https://plants.usda.gov/plant-profile/VERBE2,explicit_source_label,
Calliopsis coloratipes,Andrenidae,Viguiera,Asteraceae,genus,listed,pollen_host,fowler-central-2020,https://jarrodfowler.com/bees_pollen.html,2026-10-07,127,True,https://www.discoverlife.org/20/q?search=Calliopsis+coloratipes,https://plants.usda.gov/plant-profile/VIGUI,explicit_source_label,
Calliopsis crypta,Andrenidae,Cirsium,Asteraceae,genus,listed,pollen_host,fowler-central-2020,https://jarrodfowler.com/bees_pollen.html,2026-10-07,128,True,https://www.discoverlife.org/20/q?search=Calliopsis+crypta,https://plants.usda.gov/plant-profile/CIRSI,explicit_source_label,
Calliopsis crypta,Andrenidae,Heterotheca,Asteraceae,genus,listed,pollen_host,fowler-central-2020,https://jarrodfowler.com/bees_pollen.html,2026-10-07,128,True,https://www.discoverlife.org/20/q?search=Calliopsis+crypta,https://plants.usda.gov/plant-profile/HETER8,explicit_source_label,
Calliopsis crypta,Andrenidae,Verbesina,Asteraceae,genus,listed,pollen_host,fowler-central-2020,https://jarrodfowler.com/bees_pollen.html,2026-10-07,128,True,https://www.discoverlife.org/20/q?search=Calliopsis+crypta,https://plants.usda.gov/plant-profile/VERBE2,explicit_source_label,
Calliopsis hirsutifrons,Andrenidae,Verbena,,genus,listed,pollen_host,fowler-central-2020,https://jarrodfowler.com/bees_pollen.html,2026-10-07,130,True,https://www.discoverlife.org/20/q?search=Calliopsis+hirsutifrons,https://plants.usda.gov/plant-profile/VERBE,not_stated,
Calliopsis meliloti,Andrenidae,Dalea,Fabaceae,genus,listed,pollen_host,fowler-central-2020,https://jarrodfowler.com/bees_pollen.html,2026-10-07,131,True,https://www.discoverlife.org/20/q?search=Calliopsis+meliloti,https://plants.usda.gov/plant-profile/DALEA,explicit_source_label,
Calliopsis meliloti,Andrenidae,Psorothamnus,Fabaceae,genus,listed,pollen_host,fowler-central-2020,https://jarrodfowler.com/bees_pollen.html,2026-10-07,131,True,https://www.discoverlife.org/20/q?search=Calliopsis+meliloti,https://plants.usda.gov/plant-profile/PSORO,explicit_source_label,
Calliopsis michenerella,Andrenidae,Verbena,,genus,listed,pollen_host,fowler-central-2020,https://jarrodfowler.com/bees_pollen.html,2026-10-07,132,True,https://www.discoverlife.org/20/q?search=Calliopsis+michenerella,https://plants.usda.gov/plant-profile/VERBE,not_stated,
Calliopsis micheneri,Andrenidae,Trifolium,,genus,listed,pollen_host,fowler-central-2020,https://jarrodfowler.com/bees_pollen.html,2026-10-07,133,True,https://www.discoverlife.org/20/q?search=Calliopsis+micheneri,https://plants.usda.gov/plant-profile/TRIFO,not_stated,
Calliopsis philiphunteri,Andrenidae,Ericameria,Asteraceae,genus,listed,pollen_host,fowler-central-2020,https://jarrodfowler.com/bees_pollen.html,2026-10-07,135,True,https://www.discoverlife.org/20/q?search=Calliopsis+philiphunteri,https://plants.usda.gov/plant-profile/ERICA2,explicit_source_label,
Calliopsis philiphunteri,Andrenidae,Grindelia,Asteraceae,genus,listed,pollen_host,fowler-central-2020,https://jarrodfowler.com/bees_pollen.html,2026-10-07,135,True,https://www.discoverlife.org/20/q?search=Calliopsis+philiphunteri,https://plants.usda.gov/plant-profile/GRIND,explicit_source_label,
Calliopsis philiphunteri,Andrenidae,Gutierrezia,Asteraceae,genus,listed,pollen_host,fowler-central-2020,https://jarrodfowler.com/bees_pollen.html,2026-10-07,135,True,https://www.discoverlife.org/20/q?search=Calliopsis+philiphunteri,https://plants.usda.gov/plant-profile/GUTIE,explicit_source_label,
Calliopsis philiphunteri,Andrenidae,Isocoma,Asteraceae,genus,listed,pollen_host,fowler-central-2020,https://jarrodfowler.com/bees_pollen.html,2026-10-07,135,True,https://www.discoverlife.org/20/q?search=Calliopsis+philiphunteri,https://plants.usda.gov/plant-profile/ISOCO,explicit_source_label,
Calliopsis philiphunteri,Andrenidae,Machaeranthera,Asteraceae,genus,listed,pollen_host,fowler-central-2020,https://jarrodfowler.com/bees_pollen.html,2026-10-07,135,True,https://www.discoverlife.org/20/q?search=Calliopsis+philiphunteri,https://plants.usda.gov/plant-profile/MACHA,explicit_source_label,
Calliopsis philiphunteri,Andrenidae,Verbesina,Asteraceae,genus,listed,pollen_host,fowler-central-2020,https://jarrodfowler.com/bees_pollen.html,2026-10-07,135,True,https://www.discoverlife.org/20/q?search=Calliopsis+philiphunteri,https://plants.usda.gov/plant-profile/VERBE2,explicit_source_label,
Calliopsis puellae,Andrenidae,Baileya,Asteraceae,genus,listed,pollen_host,fowler-central-2020,https://jarrodfowler.com/bees_pollen.html,2026-10-07,136,True,https://www.discoverlife.org/20/q?search=Calliopsis+puellae,https://plants.usda.gov/plant-profile/BAILE,explicit_source_label,
Calliopsis puellae,Andrenidae,Calycoseris,Asteraceae,genus,listed,pollen_host,fowler-central-2020,https://jarrodfowler.com/bees_pollen.html,2026-10-07,136,True,https://www.discoverlife.org/20/q?search=Calliopsis+puellae,https://plants.usda.gov/plant-profile/CALYC4,explicit_source_label,
Calliopsis puellae,Andrenidae,Chaenactis,Asteraceae,genus,listed,pollen_host,fowler-central-2020,https://jarrodfowler.com/bees_pollen.html,2026-10-07,136,True,https://www.discoverlife.org/20/q?search=Calliopsis+puellae,https://plants.usda.gov/plant-profile/CHAEN,explicit_source_label,
Calliopsis puellae,Andrenidae,Malacothrix,Asteraceae,genus,listed,pollen_host,fowler-central-2020,https://jarrodfowler.com/bees_pollen.html,2026-10-07,136,True,https://www.discoverlife.org/20/q?search=Calliopsis+puellae,https://plants.usda.gov/plant-profile/MALAC3,explicit_source_label,
Calliopsis rozeni,Andrenidae,Bahia,Asteraceae,genus,listed,pollen_host,fowler-central-2020,https://jarrodfowler.com/bees_pollen.html,2026-10-07,137,True,https://www.discoverlife.org/20/q?search=Calliopsis+rozeni,https://plants.usda.gov/plant-profile/BAHIA,explicit_source_label,
Calliopsis rozeni,Andrenidae,Baileya,Asteraceae,genus,listed,pollen_host,fowler-central-2020,https://jarrodfowler.com/bees_pollen.html,2026-10-07,137,True,https://www.discoverlife.org/20/q?search=Calliopsis+rozeni,https://plants.usda.gov/plant-profile/BAILE,explicit_source_label,
Calliopsis rozeni,Andrenidae,Dyssodia,Asteraceae,genus,listed,pollen_host,fowler-central-2020,https://jarrodfowler.com/bees_pollen.html,2026-10-07,137,True,https://www.discoverlife.org/20/q?search=Calliopsis+rozeni,https://plants.usda.gov/plant-profile/DYSSO,explicit_source_label,
Calliopsis rozeni,Andrenidae,Encelia,Asteraceae,genus,listed,pollen_host,fowler-central-2020,https://jarrodfowler.com/bees_pollen.html,2026-10-07,137,True,https://www.discoverlife.org/20/q?search=Calliopsis+rozeni,https://plants.usda.gov/plant-profile/ENCEL,explicit_source_label,
Calliopsis rozeni,Andrenidae,Gutierrezia,Asteraceae,genus,listed,pollen_host,fowler-central-2020,https://jarrodfowler.com/bees_pollen.html,2026-10-07,137,True,https://www.discoverlife.org/20/q?search=Calliopsis+rozeni,https://plants.usda.gov/plant-profile/GUTIE,explicit_source_label,
Calliopsis rozeni,Andrenidae,Heliomeris,Asteraceae,genus,listed,pollen_host,fowler-central-2020,https://jarrodfowler.com/bees_pollen.html,2026-10-07,137,True,https://www.discoverlife.org/20/q?search=Calliopsis+rozeni,https://plants.usda.gov/plant-profile/HELIO4,explicit_source_label,
Calliopsis rozeni,Andrenidae,Heterotheca,Asteraceae,genus,listed,pollen_host,fowler-central-2020,https://jarrodfowler.com/bees_pollen.html,2026-10-07,137,True,https://www.discoverlife.org/20/q?search=Calliopsis+rozeni,https://plants.usda.gov/plant-profile/HETER8,explicit_source_label,
Calliopsis rozeni,Andrenidae,Machaeranthera,Asteraceae,genus,listed,pollen_host,fowler-central-2020,https://jarrodfowler.com/bees_pollen.html,2026-10-07,137,True,https://www.discoverlife.org/20/q?search=Calliopsis+rozeni,https://plants.usda.gov/plant-profile/MACHA,explicit_source_label,
Calliopsis rozeni,Andrenidae,Malacothrix,Asteraceae,genus,listed,pollen_host,fowler-central-2020,https://jarrodfowler.com/bees_pollen.html,2026-10-07,137,True,https://www.discoverlife.org/20/q?search=Calliopsis+rozeni,https://plants.usda.gov/plant-profile/MALAC3,explicit_source_label,
Calliopsis rozeni,Andrenidae,Psilostrophe,Asteraceae,genus,listed,pollen_host,fowler-central-2020,https://jarrodfowler.com/bees_pollen.html,2026-10-07,137,True,https://www.discoverlife.org/20/q?search=Calliopsis+rozeni,https://plants.usda.gov/plant-profile/PSILO3,explicit_source_label,
Calliopsis rozeni,Andrenidae,Verbesina,Asteraceae,genus,listed,pollen_host,fowler-central-2020,https://jarrodfowler.com/bees_pollen.html,2026-10-07,137,True,https://www.discoverlife.org/20/q?search=Calliopsis+rozeni,https://plants.usda.gov/plant-profile/VERBE2,explicit_source_label,
Calliopsis subalpina,Andrenidae,Sphaeralcea,,genus,listed,pollen_host,fowler-central-2020,https://jarrodfowler.com/bees_pollen.html,2026-10-07,138,True,https://www.discoverlife.org/20/q?search=Calliopsis+subalpina,https://plants.usda.gov/plant-profile/SPHAE,not_stated,
Calliopsis verbenae,Andrenidae,Verbena,,genus,listed,pollen_host,fowler-central-2020,https://jarrodfowler.com/bees_pollen.html,2026-10-07,139,True,https://www.discoverlife.org/20/q?search=Calliopsis+verbenae,https://plants.usda.gov/plant-profile/VERBE,not_stated,
Caupolicana ocellata,Colletidae,Dalea,,genus,listed,pollen_host,fowler-central-2020,https://jarrodfowler.com/bees_pollen.html,2026-10-07,362,True,https://www.discoverlife.org/mp/20q?search=Caupolicana+ocellata,https://plants.usda.gov/plant-profile/DALEA,not_stated,
Caupolicana ocellata,Colletidae,Psorothamnus,,genus,listed,pollen_host,fowler-central-2020,https://jarrodfowler.com/bees_pollen.html,2026-10-07,362,True,https://www.discoverlife.org/mp/20q?search=Caupolicana+ocellata,https://plants.usda.gov/plant-profile/PSORO,not_stated,
Colletes aberrans,Colletidae,Dalea,,genus,listed,pollen_host,fowler-central-2020,https://jarrodfowler.com/bees_pollen.html,2026-10-07,363,True,https://www.discoverlife.org/20/q?search=Colletes+aberrans,https://plants.usda.gov/plant-profile/DALEA,not_stated,
Colletes algarobiae,Colletidae,Prosopis,,genus,listed,pollen_host,fowler-central-2020,https://jarrodfowler.com/bees_pollen.html,2026-10-07,366,True,https://www.discoverlife.org/20/q?search=Colletes+algarobiae,https://plants.usda.gov/plant-profile/PROSO,not_stated,
Colletes americanus,Colletidae,Euthamia,Asteraceae,genus,listed,pollen_host,fowler-central-2020,https://jarrodfowler.com/bees_pollen.html,2026-10-07,367,True,https://www.discoverlife.org/20/q?search=Colletes+americanus,https://plants.usda.gov/plant-profile/EUTHA,explicit_source_label,
Colletes americanus,Colletidae,Grindelia,Asteraceae,genus,listed,pollen_host,fowler-central-2020,https://jarrodfowler.com/bees_pollen.html,2026-10-07,367,True,https://www.discoverlife.org/20/q?search=Colletes+americanus,https://plants.usda.gov/plant-profile/GRIND,explicit_source_label,
Colletes americanus,Colletidae,Helianthus,Asteraceae,genus,listed,pollen_host,fowler-central-2020,https://jarrodfowler.com/bees_pollen.html,2026-10-07,367,True,https://www.discoverlife.org/20/q?search=Colletes+americanus,https://plants.usda.gov/plant-profile/HELIA3,explicit_source_label,
Colletes americanus,Colletidae,Pityopsis,Asteraceae,genus,listed,pollen_host,fowler-central-2020,https://jarrodfowler.com/bees_pollen.html,2026-10-07,367,True,https://www.discoverlife.org/20/q?search=Colletes+americanus,http://plants.usda.gov/plant-profile/PITYO2,explicit_source_label,
Colletes americanus,Colletidae,Rudbeckia,Asteraceae,genus,listed,pollen_host,fowler-central-2020,https://jarrodfowler.com/bees_pollen.html,2026-10-07,367,True,https://www.discoverlife.org/20/q?search=Colletes+americanus,https://plants.usda.gov/plant-profile/RUDBE,explicit_source_label,
Colletes americanus,Colletidae,Solidago,Asteraceae,genus,listed,pollen_host,fowler-central-2020,https://jarrodfowler.com/bees_pollen.html,2026-10-07,367,True,https://www.discoverlife.org/20/q?search=Colletes+americanus,https://plants.usda.gov/plant-profile/SOLID,explicit_source_label,
Colletes americanus,Colletidae,Symphyotrichum,Asteraceae,genus,listed,pollen_host,fowler-central-2020,https://jarrodfowler.com/bees_pollen.html,2026-10-07,367,True,https://www.discoverlife.org/20/q?search=Colletes+americanus,https://plants.usda.gov/plant-profile/SYMPH4,explicit_source_label,
Colletes birkmanni,Colletidae,Baccharis,Asteraceae,genus,listed,pollen_host,fowler-central-2020,https://jarrodfowler.com/bees_pollen.html,2026-10-07,370,True,https://www.discoverlife.org/20/q?search=Colletes+birkmanni,https://plants.usda.gov/plant-profile/BACCH,explicit_source_label,
Colletes birkmanni,Colletidae,Gutierrezia,Asteraceae,genus,listed,pollen_host,fowler-central-2020,https://jarrodfowler.com/bees_pollen.html,2026-10-07,370,True,https://www.discoverlife.org/20/q?search=Colletes+birkmanni,https://plants.usda.gov/plant-profile/GUTIE,explicit_source_label,
Colletes birkmanni,Colletidae,Helianthus,Asteraceae,genus,listed,pollen_host,fowler-central-2020,https://jarrodfowler.com/bees_pollen.html,2026-10-07,370,True,https://www.discoverlife.org/20/q?search=Colletes+birkmanni,http://plants.usda.gov/plant-profile/HELIA3,explicit_source_label,
Colletes birkmanni,Colletidae,Heliopsis,Asteraceae,genus,listed,pollen_host,fowler-central-2020,https://jarrodfowler.com/bees_pollen.html,2026-10-07,370,True,https://www.discoverlife.org/20/q?search=Colletes+birkmanni,https://plants.usda.gov/plant-profile/HELIO2,explicit_source_label,
Colletes birkmanni,Colletidae,Hymenopappus,Asteraceae,genus,listed,pollen_host,fowler-central-2020,https://jarrodfowler.com/bees_pollen.html,2026-10-07,370,True,https://www.discoverlife.org/20/q?search=Colletes+birkmanni,https://plants.usda.gov/plant-profile/HYMEN4,explicit_source_label,
Colletes brevicornis,Colletidae,Campanula,,genus,listed,pollen_host,fowler-central-2020,https://jarrodfowler.com/bees_pollen.html,2026-10-07,371,True,https://www.discoverlife.org/20/q?search=Colletes+brevicornis,https://plants.usda.gov/plant-profile/CAMPA,not_stated,
Colletes brevicornis,Colletidae,Triodanis,,genus,listed,pollen_host,fowler-central-2020,https://jarrodfowler.com/bees_pollen.html,2026-10-07,371,True,https://www.discoverlife.org/20/q?search=Colletes+brevicornis,https://plants.usda.gov/plant-profile/TRIOD,not_stated,
Colletes bumeliae,Colletidae,Sideroxylon,,genus,listed,pollen_host,fowler-central-2020,https://jarrodfowler.com/bees_pollen.html,2026-10-07,372,True,https://www.discoverlife.org/20/q?search=Colletes+bumeliae, https://plants.usda.gov/plant-profile/SIDER2,not_stated,
Colletes clypeonitens,Colletidae,Larrea,,genus,listed,pollen_host,fowler-central-2020,https://jarrodfowler.com/bees_pollen.html,2026-10-07,374,True,https://www.discoverlife.org/20/q?search=Colletes+clypeonitens,https://plants.usda.gov/plant-profile/LARRE,not_stated,
Colletes compactus,Colletidae,Bidens,Asteraceae,genus,listed,pollen_host,fowler-central-2020,https://jarrodfowler.com/bees_pollen.html,2026-10-07,375,True,https://www.discoverlife.org/20/q?search=Colletes+compactus,https://plants.usda.gov/plant-profile/BIDEN,explicit_source_label,
Colletes compactus,Colletidae,Chrysopsis,Asteraceae,genus,listed,pollen_host,fowler-central-2020,https://jarrodfowler.com/bees_pollen.html,2026-10-07,375,True,https://www.discoverlife.org/20/q?search=Colletes+compactus,http://plants.usda.gov/plant-profile/CHRYS7,explicit_source_label,
Colletes compactus,Colletidae,Chrysothamnus,Asteraceae,genus,listed,pollen_host,fowler-central-2020,https://jarrodfowler.com/bees_pollen.html,2026-10-07,375,True,https://www.discoverlife.org/20/q?search=Colletes+compactus,https://plants.usda.gov/plant-profile/CHRYS9,explicit_source_label,
Colletes compactus,Colletidae,Ericameria,Asteraceae,genus,listed,pollen_host,fowler-central-2020,https://jarrodfowler.com/bees_pollen.html,2026-10-07,375,True,https://www.discoverlife.org/20/q?search=Colletes+compactus,https://plants.usda.gov/plant-profile/ERICA2,explicit_source_label,
Colletes compactus,Colletidae,Rudbeckia,Asteraceae,genus,listed,pollen_host,fowler-central-2020,https://jarrodfowler.com/bees_pollen.html,2026-10-07,375,True,https://www.discoverlife.org/20/q?search=Colletes+compactus,https://plants.usda.gov/plant-profile/RUDBE,explicit_source_label,
Colletes compactus,Colletidae,Solidago,Asteraceae,genus,listed,pollen_host,fowler-central-2020,https://jarrodfowler.com/bees_pollen.html,2026-10-07,375,True,https://www.discoverlife.org/20/q?search=Colletes+compactus,https://plants.usda.gov/plant-profile/SOLID,explicit_source_label,
Colletes compactus,Colletidae,Symphyotrichum,Asteraceae,genus,listed,pollen_host,fowler-central-2020,https://jarrodfowler.com/bees_pollen.html,2026-10-07,375,True,https://www.discoverlife.org/20/q?search=Colletes+compactus,https://plants.usda.gov/plant-profile/SYMPH4,explicit_source_label,
Colletes fulgidus,Colletidae,Achillea,Asteraceae,genus,listed,pollen_host,fowler-central-2020,https://jarrodfowler.com/bees_pollen.html,2026-10-07,377,True,https://www.discoverlife.org/20/q?search=Colletes+fulgidus,https://plants.usda.gov/plant-profile/ACHIL,explicit_source_label,
Colletes fulgidus,Colletidae,Chrysothamnus,Asteraceae,genus,listed,pollen_host,fowler-central-2020,https://jarrodfowler.com/bees_pollen.html,2026-10-07,377,True,https://www.discoverlife.org/20/q?search=Colletes+fulgidus,https://plants.usda.gov/plant-profile/CHRYS9,explicit_source_label,
Colletes fulgidus,Colletidae,Cirsium,Asteraceae,genus,listed,pollen_host,fowler-central-2020,https://jarrodfowler.com/bees_pollen.html,2026-10-07,377,True,https://www.discoverlife.org/20/q?search=Colletes+fulgidus,https://plants.usda.gov/plant-profile/CIRSI,explicit_source_label,
Colletes fulgidus,Colletidae,Ericameria,Asteraceae,genus,listed,pollen_host,fowler-central-2020,https://jarrodfowler.com/bees_pollen.html,2026-10-07,377,True,https://www.discoverlife.org/20/q?search=Colletes+fulgidus,https://plants.usda.gov/plant-profile/ERICA2,explicit_source_label,
Colletes fulgidus,Colletidae,Erigeron,Asteraceae,genus,listed,pollen_host,fowler-central-2020,https://jarrodfowler.com/bees_pollen.html,2026-10-07,377,True,https://www.discoverlife.org/20/q?search=Colletes+fulgidus,https://plants.usda.gov/plant-profile/ERIGE2,explicit_source_label,
Colletes fulgidus,Colletidae,Grindelia,Asteraceae,genus,listed,pollen_host,fowler-central-2020,https://jarrodfowler.com/bees_pollen.html,2026-10-07,377,True,https://www.discoverlife.org/20/q?search=Colletes+fulgidus,https://plants.usda.gov/plant-profile/GRIND,explicit_source_label,
Colletes fulgidus,Colletidae,Gutierrezia,Asteraceae,genus,listed,pollen_host,fowler-central-2020,https://jarrodfowler.com/bees_pollen.html,2026-10-07,377,True,https://www.discoverlife.org/20/q?search=Colletes+fulgidus,https://plants.usda.gov/plant-profile/GUTIE,explicit_source_label,
Colletes fulgidus,Colletidae,Haplopappus,Asteraceae,genus,listed,pollen_host,fowler-central-2020,https://jarrodfowler.com/bees_pollen.html,2026-10-07,377,True,https://www.discoverlife.org/20/q?search=Colletes+fulgidus,https://plants.usda.gov/plant-profile/HAPLO11,explicit_source_label,
Colletes fulgidus,Colletidae,Rudbeckia,Asteraceae,genus,listed,pollen_host,fowler-central-2020,https://jarrodfowler.com/bees_pollen.html,2026-10-07,377,True,https://www.discoverlife.org/20/q?search=Colletes+fulgidus,https://plants.usda.gov/plant-profile/RUDBE,explicit_source_label,
Colletes fulgidus,Colletidae,Solidago,Asteraceae,genus,listed,pollen_host,fowler-central-2020,https://jarrodfowler.com/bees_pollen.html,2026-10-07,377,True,https://www.discoverlife.org/20/q?search=Colletes+fulgidus,https://plants.usda.gov/plant-profile/SOLID,explicit_source_label,
Colletes gypsicolens,Colletidae,Chrysothamnus,Asteraceae,genus,listed,pollen_host,fowler-central-2020,https://jarrodfowler.com/bees_pollen.html,2026-10-07,378,True,https://www.discoverlife.org/20/q?search=Colletes+gypsicolens,https://plants.usda.gov/plant-profile/CHRYS9,explicit_source_label,
Colletes gypsicolens,Colletidae,Ericameria,Asteraceae,genus,listed,pollen_host,fowler-central-2020,https://jarrodfowler.com/bees_pollen.html,2026-10-07,378,True,https://www.discoverlife.org/20/q?search=Colletes+gypsicolens,https://plants.usda.gov/plant-profile/ERICA2,explicit_source_label,
Colletes gypsicolens,Colletidae,Grindelia,Asteraceae,genus,listed,pollen_host,fowler-central-2020,https://jarrodfowler.com/bees_pollen.html,2026-10-07,378,True,https://www.discoverlife.org/20/q?search=Colletes+gypsicolens,https://plants.usda.gov/plant-profile/GRIND,explicit_source_label,
Colletes gypsicolens,Colletidae,Gutierrezia,Asteraceae,genus,listed,pollen_host,fowler-central-2020,https://jarrodfowler.com/bees_pollen.html,2026-10-07,378,True,https://www.discoverlife.org/20/q?search=Colletes+gypsicolens,https://plants.usda.gov/plant-profile/GUTIE,explicit_source_label,
Colletes gypsicolens,Colletidae,Helianthus,Asteraceae,genus,listed,pollen_host,fowler-central-2020,https://jarrodfowler.com/bees_pollen.html,2026-10-07,378,True,https://www.discoverlife.org/20/q?search=Colletes+gypsicolens,https://plants.usda.gov/plant-profile/HELIA3,explicit_source_label,
Colletes gypsicolens,Colletidae,Verbesina,Asteraceae,genus,listed,pollen_host,fowler-central-2020,https://jarrodfowler.com/bees_pollen.html,2026-10-07,378,True,https://www.discoverlife.org/20/q?search=Colletes+gypsicolens,https://plants.usda.gov/plant-profile/VERBE2,explicit_source_label,
Colletes inuncantipedis,Colletidae,Sideroxylon,,genus,listed,pollen_host,fowler-central-2020,https://jarrodfowler.com/bees_pollen.html,2026-10-07,379,True,https://www.discoverlife.org/20/q?search=Colletes+inuncantipedis, https://plants.usda.gov/plant-profile/SIDER2,not_stated,
Colletes latitarsis,Colletidae,Physalis,,genus,listed,pollen_host,fowler-central-2020,https://jarrodfowler.com/bees_pollen.html,2026-10-07,381,True,https://www.discoverlife.org/20/q?search=Colletes+latitarsis,https://plants.usda.gov/plant-profile/PHYSA,not_stated,
Colletes prosopidis,Colletidae,Prosopis,,genus,listed,pollen_host,fowler-central-2020,https://jarrodfowler.com/bees_pollen.html,2026-10-07,384,True,https://www.discoverlife.org/20/q?search=Colletes+prosopidis,https://plants.usda.gov/plant-profile/PROSO,not_stated,
Colletes scopiventer,Colletidae,Chamaesaracha,,genus,listed,pollen_host,fowler-central-2020,https://jarrodfowler.com/bees_pollen.html,2026-10-07,387,True,https://www.discoverlife.org/20/q?search=Colletes+scopiventer,https://plants.usda.gov/plant-profile/CHAMA8,not_stated,
Colletes simulans,Colletidae,Chrysothamnus,Asteraceae,genus,listed,pollen_host,fowler-central-2020,https://jarrodfowler.com/bees_pollen.html,2026-10-07,388,True,https://www.discoverlife.org/20/q?search=Colletes+simulans,https://plants.usda.gov/plant-profile/CHRYS9,explicit_source_label,
Colletes simulans,Colletidae,Ericameria,Asteraceae,genus,listed,pollen_host,fowler-central-2020,https://jarrodfowler.com/bees_pollen.html,2026-10-07,388,True,https://www.discoverlife.org/20/q?search=Colletes+simulans,https://plants.usda.gov/plant-profile/ERICA2,explicit_source_label,
Colletes simulans,Colletidae,Euthamia,Asteraceae,genus,listed,pollen_host,fowler-central-2020,https://jarrodfowler.com/bees_pollen.html,2026-10-07,388,True,https://www.discoverlife.org/20/q?search=Colletes+simulans,https://plants.usda.gov/plant-profile/EUTHA,explicit_source_label,
Colletes simulans,Colletidae,Solidago,Asteraceae,genus,listed,pollen_host,fowler-central-2020,https://jarrodfowler.com/bees_pollen.html,2026-10-07,388,True,https://www.discoverlife.org/20/q?search=Colletes+simulans,https://plants.usda.gov/plant-profile/SOLID,explicit_source_label,
Colletes simulans,Colletidae,Symphyotrichum,Asteraceae,genus,listed,pollen_host,fowler-central-2020,https://jarrodfowler.com/bees_pollen.html,2026-10-07,388,True,https://www.discoverlife.org/20/q?search=Colletes+simulans,https://plants.usda.gov/plant-profile/SYMPH4,explicit_source_label,
Colletes speculiferus,Colletidae,Euthamia,Asteraceae,genus,listed,pollen_host,fowler-central-2020,https://jarrodfowler.com/bees_pollen.html,2026-10-07,390,True,https://www.discoverlife.org/20/q?search=Colletes+speculiferus,https://plants.usda.gov/plant-profile/EUTHA,explicit_source_label,
Colletes speculiferus,Colletidae,Solidago,Asteraceae,genus,listed,pollen_host,fowler-central-2020,https://jarrodfowler.com/bees_pollen.html,2026-10-07,390,True,https://www.discoverlife.org/20/q?search=Colletes+speculiferus,https://plants.usda.gov/plant-profile/SOLID,explicit_source_label,
Colletes speculiferus,Colletidae,Symphyotrichum,Asteraceae,genus,listed,pollen_host,fowler-central-2020,https://jarrodfowler.com/bees_pollen.html,2026-10-07,390,True,https://www.discoverlife.org/20/q?search=Colletes+speculiferus,https://plants.usda.gov/plant-profile/SYMPH4,explicit_source_label,
Colletes sphaeralceae,Colletidae,Sphaeralcea,,genus,listed,pollen_host,fowler-central-2020,https://jarrodfowler.com/bees_pollen.html,2026-10-07,391,True,https://www.discoverlife.org/20/q?search=Colletes+sphaeralceae,https://plants.usda.gov/plant-profile/SPHAE,not_stated,
Colletes willistoni,Colletidae,Physalis,,genus,listed,pollen_host,fowler-central-2020,https://jarrodfowler.com/bees_pollen.html,2026-10-07,394,True,https://www.discoverlife.org/20/q?search=Colletes+willistoni,https://plants.usda.gov/plant-profile/PHYSA,not_stated,
Colletes wilmattae,Colletidae,Dalea,,genus,listed,pollen_host,fowler-central-2020,https://jarrodfowler.com/bees_pollen.html,2026-10-07,395,True,https://www.discoverlife.org/20/q?search=Colletes+wilmattae,https://plants.usda.gov/plant-profile/DALEA,not_stated,
Colletes xerophilus,Colletidae,Salix,,genus,listed,pollen_host,fowler-central-2020,https://jarrodfowler.com/bees_pollen.html,2026-10-07,396,True,https://www.discoverlife.org/20/q?search=Colletes+xerophilus,https://plants.usda.gov/plant-profile/SALIX,not_stated,
Conanthalictus bakeri,Halictidae,Phacelia,,genus,listed,pollen_host,fowler-central-2020,https://jarrodfowler.com/bees_pollen.html,2026-10-07,413,True,https://www.discoverlife.org/20/q?search=Conanthalictus+bakeri,https://plants.usda.gov/plant-profile/PHACE,not_stated,
Conanthalictus cotullensis,Halictidae,Nama,,genus,listed,pollen_host,fowler-central-2020,https://jarrodfowler.com/bees_pollen.html,2026-10-07,412,True,https://www.discoverlife.org/20/q?search=Conanthalictus+cotullensis,https://plants.usda.gov/plant-profile/NAMA4,not_stated,
Diadasia afflicta,Apidae,Callirhoe,Malvaceae,genus,listed,pollen_host,fowler-central-2020,https://jarrodfowler.com/bees_pollen.html,2026-10-07,272,True,https://www.discoverlife.org/20/q?search=Diadasia+afflicta,https://plants.usda.gov/plant-profile/CALLI3,explicit_source_label,
Diadasia afflictula,Apidae,Malvella,Malvaceae,genus,listed,pollen_host,fowler-central-2020,https://jarrodfowler.com/bees_pollen.html,2026-10-07,273,True,https://www.discoverlife.org/20/q?search=Diadasia+afflictula,https://plants.usda.gov/plant-profile/MALVE,explicit_source_label,
Diadasia afflictula,Apidae,Sida,Malvaceae,genus,listed,pollen_host,fowler-central-2020,https://jarrodfowler.com/bees_pollen.html,2026-10-07,273,True,https://www.discoverlife.org/20/q?search=Diadasia+afflictula,https://plants.usda.gov/plant-profile/SIDA,explicit_source_label,
Diadasia australis,Apidae,Cylindropuntia,Cactaceae,genus,listed,pollen_host,fowler-central-2020,https://jarrodfowler.com/bees_pollen.html,2026-10-07,274,True,https://www.discoverlife.org/20/q?search=Diadasia+australis,https://plants.usda.gov/plant-profile/CYLIN2,explicit_source_label,
Diadasia australis,Apidae,Echinocactus,Cactaceae,genus,listed,pollen_host,fowler-central-2020,https://jarrodfowler.com/bees_pollen.html,2026-10-07,274,True,https://www.discoverlife.org/20/q?search=Diadasia+australis,https://plants.usda.gov/plant-profile/ECHIN2,explicit_source_label,
Diadasia australis,Apidae,Ferocactus,Cactaceae,genus,listed,pollen_host,fowler-central-2020,https://jarrodfowler.com/bees_pollen.html,2026-10-07,274,True,https://www.discoverlife.org/20/q?search=Diadasia+australis,https://plants.usda.gov/plant-profile/FEROC,explicit_source_label,
Diadasia australis,Apidae,Opuntia,Cactaceae,genus,listed,pollen_host,fowler-central-2020,https://jarrodfowler.com/bees_pollen.html,2026-10-07,274,True,https://www.discoverlife.org/20/q?search=Diadasia+australis,https://plants.usda.gov/plant-profile/OPUNT,explicit_source_label,
Diadasia diminuta,Apidae,Sidalcea,Malvaceae,genus,listed,pollen_host,fowler-central-2020,https://jarrodfowler.com/bees_pollen.html,2026-10-07,275,True,https://www.discoverlife.org/20/q?search=Diadasia+diminuta,https://plants.usda.gov/plant-profile/SIDAL,explicit_source_label,
Diadasia diminuta,Apidae,Sphaeralcea,Malvaceae,genus,listed,pollen_host,fowler-central-2020,https://jarrodfowler.com/bees_pollen.html,2026-10-07,275,True,https://www.discoverlife.org/20/q?search=Diadasia+diminuta,https://plants.usda.gov/plant-profile/SPHAE,explicit_source_label,
Diadasia enavata,Apidae,Helianthus,Asteraceae,genus,listed,pollen_host,fowler-central-2020,https://jarrodfowler.com/bees_pollen.html,2026-10-07,276,True,https://www.discoverlife.org/20/q?search=Diadasia+enavata,https://plants.usda.gov/plant-profile/HELIA3,explicit_source_label,
Diadasia lutzi,Apidae,Sphaeralcea,Malvaceae,genus,listed,pollen_host,fowler-central-2020,https://jarrodfowler.com/bees_pollen.html,2026-10-07,277,True,https://www.discoverlife.org/20/q?search=Diadasia+lutzi,https://plants.usda.gov/plant-profile/SPHAE,explicit_source_label,
Diadasia megamorpha,Apidae,Sphaeralcea,,genus,listed,pollen_host,fowler-central-2020,https://jarrodfowler.com/bees_pollen.html,2026-10-07,278,True,https://www.discoverlife.org/20/q?search=Diadasia+megamorpha,https://plants.usda.gov/plant-profile/SPHAE,not_stated,
Diadasia ochracea,Apidae,Malacothamnus,Malvaceae,genus,listed,pollen_host,fowler-central-2020,https://jarrodfowler.com/bees_pollen.html,2026-10-07,279,True,https://www.discoverlife.org/20/q?search=Diadasia+ochracea,https://plants.usda.gov/plant-profile/MALAC2,explicit_source_label,
Diadasia ochracea,Apidae,Malvella,Malvaceae,genus,listed,pollen_host,fowler-central-2020,https://jarrodfowler.com/bees_pollen.html,2026-10-07,279,True,https://www.discoverlife.org/20/q?search=Diadasia+ochracea,https://plants.usda.gov/plant-profile/MALVE,explicit_source_label,
Diadasia ochracea,Apidae,Sphaeralcea,Malvaceae,genus,listed,pollen_host,fowler-central-2020,https://jarrodfowler.com/bees_pollen.html,2026-10-07,279,True,https://www.discoverlife.org/20/q?search=Diadasia+ochracea,https://plants.usda.gov/plant-profile/SPHAE,explicit_source_label,
Diadasia piercei,Apidae,Opuntia,,genus,listed,pollen_host,fowler-central-2020,https://jarrodfowler.com/bees_pollen.html,2026-10-07,280,True,https://www.discoverlife.org/20/q?search=Diadasia+piercei,https://plants.usda.gov/plant-profile/OPUNT,not_stated,
Diadasia rinconis,Apidae,Cylindropuntia,Cactaceae,genus,listed,pollen_host,fowler-central-2020,https://jarrodfowler.com/bees_pollen.html,2026-10-07,281,True,https://www.discoverlife.org/20/q?search=Diadasia+rinconis,https://plants.usda.gov/plant-profile/CYLIN2,explicit_source_label,
Diadasia rinconis,Apidae,Echinocactus,Cactaceae,genus,listed,pollen_host,fowler-central-2020,https://jarrodfowler.com/bees_pollen.html,2026-10-07,281,True,https://www.discoverlife.org/20/q?search=Diadasia+rinconis,https://plants.usda.gov/plant-profile/ECHIN2,explicit_source_label,
Diadasia rinconis,Apidae,Ferocactus,Cactaceae,genus,listed,pollen_host,fowler-central-2020,https://jarrodfowler.com/bees_pollen.html,2026-10-07,281,True,https://www.discoverlife.org/20/q?search=Diadasia+rinconis,https://plants.usda.gov/plant-profile/FEROC,explicit_source_label,
Diadasia rinconis,Apidae,Opuntia,Cactaceae,genus,listed,pollen_host,fowler-central-2020,https://jarrodfowler.com/bees_pollen.html,2026-10-07,281,True,https://www.discoverlife.org/20/q?search=Diadasia+rinconis,https://plants.usda.gov/plant-profile/OPUNT,explicit_source_label,
Diadasia sphaeralcearum,Apidae,Sphaeralcea,,genus,listed,pollen_host,fowler-central-2020,https://jarrodfowler.com/bees_pollen.html,2026-10-07,282,True,https://www.discoverlife.org/20/q?search=Diadasia+sphaeralcearum,https://plants.usda.gov/plant-profile/SPHAE,not_stated,
Diadasia vallicola,Apidae,Sphaeralcea,,genus,listed,pollen_host,fowler-central-2020,https://jarrodfowler.com/bees_pollen.html,2026-10-07,283,True,https://www.discoverlife.org/20/q?search=Diadasia+vallicola,https://plants.usda.gov/plant-profile/SPHAE,not_stated,
Dianthidium curvatum,Megachilidae,Coreopsis,Asteraceae,genus,listed,pollen_host,fowler-central-2020,https://jarrodfowler.com/bees_pollen.html,2026-10-07,432,True,https://www.discoverlife.org/20/q?search=Dianthidium+curvatum,https://plants.usda.gov/plant-profile/COREO2,explicit_source_label,
Dianthidium curvatum,Megachilidae,Grindelia,Asteraceae,genus,listed,pollen_host,fowler-central-2020,https://jarrodfowler.com/bees_pollen.html,2026-10-07,432,True,https://www.discoverlife.org/20/q?search=Dianthidium+curvatum,https://plants.usda.gov/plant-profile/GRIND,explicit_source_label,
Dianthidium curvatum,Megachilidae,Helenium,Asteraceae,genus,listed,pollen_host,fowler-central-2020,https://jarrodfowler.com/bees_pollen.html,2026-10-07,432,True,https://www.discoverlife.org/20/q?search=Dianthidium+curvatum,https://plants.usda.gov/plant-profile/HELEN,explicit_source_label,
Dianthidium curvatum,Megachilidae,Helianthus,Asteraceae,genus,listed,pollen_host,fowler-central-2020,https://jarrodfowler.com/bees_pollen.html,2026-10-07,432,True,https://www.discoverlife.org/20/q?search=Dianthidium+curvatum,https://plants.usda.gov/plant-profile/HELIA3,explicit_source_label,
Dianthidium parvum,Megachilidae,Baileya,Asteraceae,genus,listed,pollen_host,fowler-central-2020,https://jarrodfowler.com/bees_pollen.html,2026-10-07,433,True,https://www.discoverlife.org/20/q?search=Dianthidium+parvum,https://plants.usda.gov/plant-profile/BAILE,explicit_source_label,
Dianthidium parvum,Megachilidae,Chrysothamnus,Asteraceae,genus,listed,pollen_host,fowler-central-2020,https://jarrodfowler.com/bees_pollen.html,2026-10-07,433,True,https://www.discoverlife.org/20/q?search=Dianthidium+parvum,https://plants.usda.gov/plant-profile/CHRYS9,explicit_source_label,
Dianthidium parvum,Megachilidae,Cirsium,Asteraceae,genus,listed,pollen_host,fowler-central-2020,https://jarrodfowler.com/bees_pollen.html,2026-10-07,433,True,https://www.discoverlife.org/20/q?search=Dianthidium+parvum,https://plants.usda.gov/plant-profile/CIRSI,explicit_source_label,
Dianthidium parvum,Megachilidae,Encelia,Asteraceae,genus,listed,pollen_host,fowler-central-2020,https://jarrodfowler.com/bees_pollen.html,2026-10-07,433,True,https://www.discoverlife.org/20/q?search=Dianthidium+parvum,https://plants.usda.gov/plant-profile/ENCEL,explicit_source_label,
Dianthidium parvum,Megachilidae,Erigeron,Asteraceae,genus,listed,pollen_host,fowler-central-2020,https://jarrodfowler.com/bees_pollen.html,2026-10-07,433,True,https://www.discoverlife.org/20/q?search=Dianthidium+parvum,https://plants.usda.gov/plant-profile/ERIGE2,explicit_source_label,
Dianthidium parvum,Megachilidae,Gaillardia,Asteraceae,genus,listed,pollen_host,fowler-central-2020,https://jarrodfowler.com/bees_pollen.html,2026-10-07,433,True,https://www.discoverlife.org/20/q?search=Dianthidium+parvum,https://plants.usda.gov/plant-profile/GAILL,explicit_source_label,
Dianthidium parvum,Megachilidae,Grindelia,Asteraceae,genus,listed,pollen_host,fowler-central-2020,https://jarrodfowler.com/bees_pollen.html,2026-10-07,433,True,https://www.discoverlife.org/20/q?search=Dianthidium+parvum,https://plants.usda.gov/plant-profile/GRIND,explicit_source_label,
Dianthidium parvum,Megachilidae,Gutierrezia,Asteraceae,genus,listed,pollen_host,fowler-central-2020,https://jarrodfowler.com/bees_pollen.html,2026-10-07,433,True,https://www.discoverlife.org/20/q?search=Dianthidium+parvum,https://plants.usda.gov/plant-profile/GUTIE,explicit_source_label,
Dianthidium parvum,Megachilidae,Heterotheca,Asteraceae,genus,listed,pollen_host,fowler-central-2020,https://jarrodfowler.com/bees_pollen.html,2026-10-07,433,True,https://www.discoverlife.org/20/q?search=Dianthidium+parvum,https://plants.usda.gov/plant-profile/HETER8,explicit_source_label,
Dianthidium parvum,Megachilidae,Machaeranthera,Asteraceae,genus,listed,pollen_host,fowler-central-2020,https://jarrodfowler.com/bees_pollen.html,2026-10-07,433,True,https://www.discoverlife.org/20/q?search=Dianthidium+parvum,https://plants.usda.gov/plant-profile/MACHA,explicit_source_label,
Dianthidium parvum,Megachilidae,Stephanomeria,Asteraceae,genus,listed,pollen_host,fowler-central-2020,https://jarrodfowler.com/bees_pollen.html,2026-10-07,433,True,https://www.discoverlife.org/20/q?search=Dianthidium+parvum,https://plants.usda.gov/plant-profile/STEPH,explicit_source_label,
Dianthidium platyurum,Megachilidae,Bebbia,Asteraceae,genus,listed,pollen_host,fowler-central-2020,https://jarrodfowler.com/bees_pollen.html,2026-10-07,434,True,https://www.discoverlife.org/20/q?search=Dianthidium+platyurum,https://plants.usda.gov/plant-profile/BEBBI,explicit_source_label,
Dianthidium platyurum,Megachilidae,Erigeron,Asteraceae,genus,listed,pollen_host,fowler-central-2020,https://jarrodfowler.com/bees_pollen.html,2026-10-07,434,True,https://www.discoverlife.org/20/q?search=Dianthidium+platyurum,https://plants.usda.gov/plant-profile/ERIGE2,explicit_source_label,
Dianthidium platyurum,Megachilidae,Gutierrezia,Asteraceae,genus,listed,pollen_host,fowler-central-2020,https://jarrodfowler.com/bees_pollen.html,2026-10-07,434,True,https://www.discoverlife.org/20/q?search=Dianthidium+platyurum,https://plants.usda.gov/plant-profile/GUTIE,explicit_source_label,
Dianthidium platyurum,Megachilidae,Heterotheca,Asteraceae,genus,listed,pollen_host,fowler-central-2020,https://jarrodfowler.com/bees_pollen.html,2026-10-07,434,True,https://www.discoverlife.org/20/q?search=Dianthidium+platyurum,https://plants.usda.gov/plant-profile/HETER8,explicit_source_label,
Dianthidium platyurum,Megachilidae,Malacothrix,Asteraceae,genus,listed,pollen_host,fowler-central-2020,https://jarrodfowler.com/bees_pollen.html,2026-10-07,434,True,https://www.discoverlife.org/20/q?search=Dianthidium+platyurum,https://plants.usda.gov/plant-profile/MALAC3,explicit_source_label,
Dianthidium platyurum,Megachilidae,Pectis,Asteraceae,genus,listed,pollen_host,fowler-central-2020,https://jarrodfowler.com/bees_pollen.html,2026-10-07,434,True,https://www.discoverlife.org/20/q?search=Dianthidium+platyurum,https://plants.usda.gov/plant-profile/PECTI,explicit_source_label,
Dianthidium platyurum,Megachilidae,Senecio,Asteraceae,genus,listed,pollen_host,fowler-central-2020,https://jarrodfowler.com/bees_pollen.html,2026-10-07,434,True,https://www.discoverlife.org/20/q?search=Dianthidium+platyurum,https://plants.usda.gov/plant-profile/SENEC,explicit_source_label,
Dianthidium platyurum,Megachilidae,Stephanomeria,Asteraceae,genus,listed,pollen_host,fowler-central-2020,https://jarrodfowler.com/bees_pollen.html,2026-10-07,434,True,https://www.discoverlife.org/20/q?search=Dianthidium+platyurum,https://plants.usda.gov/plant-profile/STEPH,explicit_source_label,
Dieunomia bolliana,Halictidae,Coreopsis,Asteraceae,genus,listed,pollen_host,fowler-central-2020,https://jarrodfowler.com/bees_pollen.html,2026-10-07,407,True,https://www.discoverlife.org/20/q?search=Dieunomia+bolliana,https://plants.usda.gov/plant-profile/COREO2,explicit_source_label,
Dieunomia bolliana,Halictidae,Helenium,Asteraceae,genus,listed,pollen_host,fowler-central-2020,https://jarrodfowler.com/bees_pollen.html,2026-10-07,407,True,https://www.discoverlife.org/20/q?search=Dieunomia+bolliana,https://plants.usda.gov/plant-profile/HELEN,explicit_source_label,
Dieunomia bolliana,Halictidae,Helianthus,Asteraceae,genus,listed,pollen_host,fowler-central-2020,https://jarrodfowler.com/bees_pollen.html,2026-10-07,407,True,https://www.discoverlife.org/20/q?search=Dieunomia+bolliana,https://plants.usda.gov/plant-profile/HELIA3,explicit_source_label,
Dieunomia bolliana,Halictidae,Ratibida,Asteraceae,genus,listed,pollen_host,fowler-central-2020,https://jarrodfowler.com/bees_pollen.html,2026-10-07,407,True,https://www.discoverlife.org/20/q?search=Dieunomia+bolliana,https://plants.usda.gov/plant-profile/RATIB,explicit_source_label,
Dieunomia heteropoda,Halictidae,Bidens,Asteraceae,genus,listed,pollen_host,fowler-central-2020,https://jarrodfowler.com/bees_pollen.html,2026-10-07,408,True,https://www.discoverlife.org/20/q?search=Dieunomia+heteropoda,https://plants.usda.gov/plant-profile/BIDEN,explicit_source_label,
Dieunomia heteropoda,Halictidae,Coreopsis,Asteraceae,genus,listed,pollen_host,fowler-central-2020,https://jarrodfowler.com/bees_pollen.html,2026-10-07,408,True,https://www.discoverlife.org/20/q?search=Dieunomia+heteropoda,https://plants.usda.gov/plant-profile/COREO2,explicit_source_label,
Dieunomia heteropoda,Halictidae,Helianthus,Asteraceae,genus,listed,pollen_host,fowler-central-2020,https://jarrodfowler.com/bees_pollen.html,2026-10-07,408,True,https://www.discoverlife.org/20/q?search=Dieunomia+heteropoda,https://plants.usda.gov/plant-profile/HELIA3,explicit_source_label,
Dieunomia heteropoda,Halictidae,Silphium,Asteraceae,genus,listed,pollen_host,fowler-central-2020,https://jarrodfowler.com/bees_pollen.html,2026-10-07,408,True,https://www.discoverlife.org/20/q?search=Dieunomia+heteropoda,https://plants.usda.gov/plant-profile/SILPH,explicit_source_label,
Dieunomia heteropoda,Halictidae,Solidago,Asteraceae,genus,listed,pollen_host,fowler-central-2020,https://jarrodfowler.com/bees_pollen.html,2026-10-07,408,True,https://www.discoverlife.org/20/q?search=Dieunomia+heteropoda,https://plants.usda.gov/plant-profile/SOLID,explicit_source_label,
Dieunomia heteropoda,Halictidae,Verbesina,Asteraceae,genus,listed,pollen_host,fowler-central-2020,https://jarrodfowler.com/bees_pollen.html,2026-10-07,408,True,https://www.discoverlife.org/20/q?search=Dieunomia+heteropoda,https://plants.usda.gov/plant-profile/VERBE2,explicit_source_label,
Dieunomia nevadensis,Halictidae,Baccharis,Asteraceae,genus,listed,pollen_host,fowler-central-2020,https://jarrodfowler.com/bees_pollen.html,2026-10-07,409,True,https://www.discoverlife.org/20/q?search=Dieunomia+nevadensis,https://plants.usda.gov/plant-profile/BACCH,explicit_source_label,
Dieunomia nevadensis,Halictidae,Baileya,Asteraceae,genus,listed,pollen_host,fowler-central-2020,https://jarrodfowler.com/bees_pollen.html,2026-10-07,409,True,https://www.discoverlife.org/20/q?search=Dieunomia+nevadensis,https://plants.usda.gov/plant-profile/BAILE,explicit_source_label,
Dieunomia nevadensis,Halictidae,Chrysothamnus,Asteraceae,genus,listed,pollen_host,fowler-central-2020,https://jarrodfowler.com/bees_pollen.html,2026-10-07,409,True,https://www.discoverlife.org/20/q?search=Dieunomia+nevadensis,https://plants.usda.gov/plant-profile/CHRYS9,explicit_source_label,
Dieunomia nevadensis,Halictidae,Gaillardia,Asteraceae,genus,listed,pollen_host,fowler-central-2020,https://jarrodfowler.com/bees_pollen.html,2026-10-07,409,True,https://www.discoverlife.org/20/q?search=Dieunomia+nevadensis,https://plants.usda.gov/plant-profile/GAILL,explicit_source_label,
Dieunomia nevadensis,Halictidae,Grindelia,Asteraceae,genus,listed,pollen_host,fowler-central-2020,https://jarrodfowler.com/bees_pollen.html,2026-10-07,409,True,https://www.discoverlife.org/20/q?search=Dieunomia+nevadensis,https://plants.usda.gov/plant-profile/GRIND,explicit_source_label,
Dieunomia nevadensis,Halictidae,Gutierrezia,Asteraceae,genus,listed,pollen_host,fowler-central-2020,https://jarrodfowler.com/bees_pollen.html,2026-10-07,409,True,https://www.discoverlife.org/20/q?search=Dieunomia+nevadensis,https://plants.usda.gov/plant-profile/GUTIE,explicit_source_label,
Dieunomia nevadensis,Halictidae,Helianthus,Asteraceae,genus,listed,pollen_host,fowler-central-2020,https://jarrodfowler.com/bees_pollen.html,2026-10-07,409,True,https://www.discoverlife.org/20/q?search=Dieunomia+nevadensis,https://plants.usda.gov/plant-profile/HELIA3,explicit_source_label,
Dieunomia nevadensis,Halictidae,Heterotheca,Asteraceae,genus,listed,pollen_host,fowler-central-2020,https://jarrodfowler.com/bees_pollen.html,2026-10-07,409,True,https://www.discoverlife.org/20/q?search=Dieunomia+nevadensis,https://plants.usda.gov/plant-profile/HETER8,explicit_source_label,
Dieunomia nevadensis,Halictidae,Pectis,Asteraceae,genus,listed,pollen_host,fowler-central-2020,https://jarrodfowler.com/bees_pollen.html,2026-10-07,409,True,https://www.discoverlife.org/20/q?search=Dieunomia+nevadensis,https://plants.usda.gov/plant-profile/PECTI,explicit_source_label,
Dieunomia nevadensis,Halictidae,Verbesina,Asteraceae,genus,listed,pollen_host,fowler-central-2020,https://jarrodfowler.com/bees_pollen.html,2026-10-07,409,True,https://www.discoverlife.org/20/q?search=Dieunomia+nevadensis,https://plants.usda.gov/plant-profile/VERBE2,explicit_source_label,
Dieunomia triangulifera,Halictidae,Helianthus,,genus,listed,pollen_host,fowler-central-2020,https://jarrodfowler.com/bees_pollen.html,2026-10-07,410,True,https://www.discoverlife.org/20/q?search=Dieunomia+triangulifera,https://plants.usda.gov/plant-profile/HELIA3,not_stated,
Dufourea pulchricornis,Halictidae,Lepidium,Brassicaceae,genus,listed,pollen_host,fowler-central-2020,https://jarrodfowler.com/bees_pollen.html,2026-10-07,418,True,https://www.discoverlife.org/20/q?search=Dufourea+pulchricornis,https://plants.usda.gov/plant-profile/LEPID,explicit_source_label,
Exomalopsis solidaginis,Apidae,Baccharis,Asteraceae,genus,listed,pollen_host,fowler-central-2020,https://jarrodfowler.com/bees_pollen.html,2026-10-07,361,True,https://www.discoverlife.org/20/q?search=Exomalopsis+solidaginis,https://plants.usda.gov/plant-profile/BACCH,explicit_source_label,
Exomalopsis solidaginis,Apidae,Baileya,Asteraceae,genus,listed,pollen_host,fowler-central-2020,https://jarrodfowler.com/bees_pollen.html,2026-10-07,361,True,https://www.discoverlife.org/20/q?search=Exomalopsis+solidaginis,https://plants.usda.gov/plant-profile/BAILE,explicit_source_label,
Exomalopsis solidaginis,Apidae,Gutierrezia,Asteraceae,genus,listed,pollen_host,fowler-central-2020,https://jarrodfowler.com/bees_pollen.html,2026-10-07,361,True,https://www.discoverlife.org/20/q?search=Exomalopsis+solidaginis,https://plants.usda.gov/plant-profile/GUTIE,explicit_source_label,
Exomalopsis solidaginis,Apidae,Helianthus,Asteraceae,genus,listed,pollen_host,fowler-central-2020,https://jarrodfowler.com/bees_pollen.html,2026-10-07,361,True,https://www.discoverlife.org/20/q?search=Exomalopsis+solidaginis,https://plants.usda.gov/plant-profile/HELIA3,explicit_source_label,
Exomalopsis solidaginis,Apidae,Heterotheca,Asteraceae,genus,listed,pollen_host,fowler-central-2020,https://jarrodfowler.com/bees_pollen.html,2026-10-07,361,True,https://www.discoverlife.org/20/q?search=Exomalopsis+solidaginis,https://plants.usda.gov/plant-profile/HETER8,explicit_source_label,
Exomalopsis solidaginis,Apidae,Machaeranthera,Asteraceae,genus,listed,pollen_host,fowler-central-2020,https://jarrodfowler.com/bees_pollen.html,2026-10-07,361,True,https://www.discoverlife.org/20/q?search=Exomalopsis+solidaginis,https://plants.usda.gov/plant-profile/MACHA,explicit_source_label,
Exomalopsis solidaginis,Apidae,Pectis,Asteraceae,genus,listed,pollen_host,fowler-central-2020,https://jarrodfowler.com/bees_pollen.html,2026-10-07,361,True,https://www.discoverlife.org/20/q?search=Exomalopsis+solidaginis,https://plants.usda.gov/plant-profile/PECTI,explicit_source_label,
Florilegus condignus,Apidae,Pontederia,,genus,listed,pollen_host,fowler-central-2020,https://jarrodfowler.com/bees_pollen.html,2026-10-07,290,True,https://www.discoverlife.org/20/q?search=Florilegus+condignus,http://plants.usda.gov/plant-profile/PONTE,not_stated,
Habropoda laboriosa,Apidae,Cercis,,genus,listed,pollen_host,fowler-central-2020,https://jarrodfowler.com/bees_pollen.html,2026-10-07,269,True,https://www.discoverlife.org/20/q?search=Habropoda+laboriosa,https://plants.usda.gov/plant-profile/CERCI2,not_stated,
Habropoda laboriosa,Apidae,Lupinus,,genus,listed,pollen_host,fowler-central-2020,https://jarrodfowler.com/bees_pollen.html,2026-10-07,269,True,https://www.discoverlife.org/20/q?search=Habropoda+laboriosa,https://plants.usda.gov/plant-profile/LUPIN,not_stated,
Habropoda laboriosa,Apidae,Vaccinium,,genus,listed,pollen_host,fowler-central-2020,https://jarrodfowler.com/bees_pollen.html,2026-10-07,269,True,https://www.discoverlife.org/20/q?search=Habropoda+laboriosa,https://plants.usda.gov/plant-profile/VACCI,not_stated,
Hesperapis infuscata,Melittidae,Gaillardia,Asteraceae,genus,listed,pollen_host,fowler-central-2020,https://jarrodfowler.com/bees_pollen.html,2026-10-07,496,True,https://www.discoverlife.org/20/q?search=Hesperapis+infuscata,https://plants.usda.gov/plant-profile/GAILL,explicit_source_label,
Hesperapis infuscata,Melittidae,Helianthus,Asteraceae,genus,listed,pollen_host,fowler-central-2020,https://jarrodfowler.com/bees_pollen.html,2026-10-07,496,True,https://www.discoverlife.org/20/q?search=Hesperapis+infuscata,https://plants.usda.gov/plant-profile/HELIA3,explicit_source_label,
Hesperapis infuscata,Melittidae,Ratibida,Asteraceae,genus,listed,pollen_host,fowler-central-2020,https://jarrodfowler.com/bees_pollen.html,2026-10-07,496,True,https://www.discoverlife.org/20/q?search=Hesperapis+infuscata,https://plants.usda.gov/plant-profile/RATIB,explicit_source_label,
Hesperapis infuscata,Melittidae,Rudbeckia,Asteraceae,genus,listed,pollen_host,fowler-central-2020,https://jarrodfowler.com/bees_pollen.html,2026-10-07,496,True,https://www.discoverlife.org/20/q?search=Hesperapis+infuscata,https://plants.usda.gov/plant-profile/RUDBE,explicit_source_label,
Hesperapis larreae,Melittidae,Larrea,,genus,listed,pollen_host,fowler-central-2020,https://jarrodfowler.com/bees_pollen.html,2026-10-07,497,True,https://www.discoverlife.org/20/q?search=Hesperapis+larreae,https://plants.usda.gov/plant-profile/LARRE,not_stated,
Hesperapis rhodocerata,Melittidae,Bahia,Asteraceae,genus,listed,pollen_host,fowler-central-2020,https://jarrodfowler.com/bees_pollen.html,2026-10-07,498,True,https://www.discoverlife.org/20/q?search=Hesperapis+rhodocerata,https://plants.usda.gov/plant-profile/BAHIA,explicit_source_label,
Hesperapis rhodocerata,Melittidae,Baileya,Asteraceae,genus,listed,pollen_host,fowler-central-2020,https://jarrodfowler.com/bees_pollen.html,2026-10-07,498,True,https://www.discoverlife.org/20/q?search=Hesperapis+rhodocerata,https://plants.usda.gov/plant-profile/BAILE,explicit_source_label,
Hesperapis rhodocerata,Melittidae,Chloracantha,Asteraceae,genus,listed,pollen_host,fowler-central-2020,https://jarrodfowler.com/bees_pollen.html,2026-10-07,498,True,https://www.discoverlife.org/20/q?search=Hesperapis+rhodocerata,https://plants.usda.gov/plant-profile/CHLOR6,explicit_source_label,
Hesperapis rhodocerata,Melittidae,Dyssodia,Asteraceae,genus,listed,pollen_host,fowler-central-2020,https://jarrodfowler.com/bees_pollen.html,2026-10-07,498,True,https://www.discoverlife.org/20/q?search=Hesperapis+rhodocerata,https://plants.usda.gov/plant-profile/DYSSO,explicit_source_label,
Hesperapis rhodocerata,Melittidae,Gutierrezia,Asteraceae,genus,listed,pollen_host,fowler-central-2020,https://jarrodfowler.com/bees_pollen.html,2026-10-07,498,True,https://www.discoverlife.org/20/q?search=Hesperapis+rhodocerata,https://plants.usda.gov/plant-profile/GUTIE,explicit_source_label,
Hesperapis rhodocerata,Melittidae,Helianthus,Asteraceae,genus,listed,pollen_host,fowler-central-2020,https://jarrodfowler.com/bees_pollen.html,2026-10-07,498,True,https://www.discoverlife.org/20/q?search=Hesperapis+rhodocerata,https://plants.usda.gov/plant-profile/HELIA3,explicit_source_label,
Hesperapis rhodocerata,Melittidae,Heliomeris,Asteraceae,genus,listed,pollen_host,fowler-central-2020,https://jarrodfowler.com/bees_pollen.html,2026-10-07,498,True,https://www.discoverlife.org/20/q?search=Hesperapis+rhodocerata,https://plants.usda.gov/plant-profile/HELIO4,explicit_source_label,
Hesperapis rhodocerata,Melittidae,Heterotheca,Asteraceae,genus,listed,pollen_host,fowler-central-2020,https://jarrodfowler.com/bees_pollen.html,2026-10-07,498,True,https://www.discoverlife.org/20/q?search=Hesperapis+rhodocerata,https://plants.usda.gov/plant-profile/HETER8,explicit_source_label,
Hesperapis rhodocerata,Melittidae,Hymenothrix,Asteraceae,genus,listed,pollen_host,fowler-central-2020,https://jarrodfowler.com/bees_pollen.html,2026-10-07,498,True,https://www.discoverlife.org/20/q?search=Hesperapis+rhodocerata,https://plants.usda.gov/plant-profile/HYMEN6,explicit_source_label,
Hesperapis rhodocerata,Melittidae,Isocoma,Asteraceae,genus,listed,pollen_host,fowler-central-2020,https://jarrodfowler.com/bees_pollen.html,2026-10-07,498,True,https://www.discoverlife.org/20/q?search=Hesperapis+rhodocerata,https://plants.usda.gov/plant-profile/ISOCO,explicit_source_label,
Hesperapis rhodocerata,Melittidae,Machaeranthera,Asteraceae,genus,listed,pollen_host,fowler-central-2020,https://jarrodfowler.com/bees_pollen.html,2026-10-07,498,True,https://www.discoverlife.org/20/q?search=Hesperapis+rhodocerata,https://plants.usda.gov/plant-profile/MACHA,explicit_source_label,
Hesperapis rhodocerata,Melittidae,Pectis,Asteraceae,genus,listed,pollen_host,fowler-central-2020,https://jarrodfowler.com/bees_pollen.html,2026-10-07,498,True,https://www.discoverlife.org/20/q?search=Hesperapis+rhodocerata,https://plants.usda.gov/plant-profile/PECTI,explicit_source_label,
Hesperapis rhodocerata,Melittidae,Verbesina,Asteraceae,genus,listed,pollen_host,fowler-central-2020,https://jarrodfowler.com/bees_pollen.html,2026-10-07,498,True,https://www.discoverlife.org/20/q?search=Hesperapis+rhodocerata,https://plants.usda.gov/plant-profile/VERBE2,explicit_source_label,
Hesperapis rhodocerata,Melittidae,Xylothamia,Asteraceae,genus,listed,pollen_host,fowler-central-2020,https://jarrodfowler.com/bees_pollen.html,2026-10-07,498,True,https://www.discoverlife.org/20/q?search=Hesperapis+rhodocerata,https://plants.usda.gov/plant-profile/XYLOT,explicit_source_label,
Hesperapis trochanterata,Melittidae,Nama,,genus,listed,pollen_host,fowler-central-2020,https://jarrodfowler.com/bees_pollen.html,2026-10-07,499,True,https://www.discoverlife.org/20/q?search=Hesperapis+trochanterata,https://plants.usda.gov/plant-profile/NAMA4,not_stated,
Hoplitis biscutellae,Megachilidae,Larrea,,genus,listed,pollen_host,fowler-central-2020,https://jarrodfowler.com/bees_pollen.html,2026-10-07,476,True,https://www.discoverlife.org/20/q?search=Hoplitis+biscutellae,https://plants.usda.gov/plant-profile/LARRE,not_stated,
Hoplitis simplex,Megachilidae,Nemophila,,genus,listed,pollen_host,fowler-central-2020,https://jarrodfowler.com/bees_pollen.html,2026-10-07,479,True,https://www.discoverlife.org/20/q?search=Hoplitis+simplex,https://plants.usda.gov/plant-profile/NEMOP,not_stated,
Hoplitis simplex,Megachilidae,Phacelia,,genus,listed,pollen_host,fowler-central-2020,https://jarrodfowler.com/bees_pollen.html,2026-10-07,479,True,https://www.discoverlife.org/20/q?search=Hoplitis+simplex,https://plants.usda.gov/plant-profile/PHACE,not_stated,
Hylaeus sparsus,Colletidae,Osmorhiza,Apiaceae,genus,listed,pollen_host,fowler-central-2020,https://jarrodfowler.com/bees_pollen.html,2026-10-07,398,True,https://www.discoverlife.org/20/q?search=Hylaeus+sparsus,http://plants.usda.gov/plant-profile/OSMOR,explicit_source_label,
Hylaeus sparsus,Colletidae,Sanicula,Apiaceae,genus,listed,pollen_host,fowler-central-2020,https://jarrodfowler.com/bees_pollen.html,2026-10-07,398,True,https://www.discoverlife.org/20/q?search=Hylaeus+sparsus,http://plants.usda.gov/plant-profile/SANIC,explicit_source_label,
Hylaeus sparsus,Colletidae,Taenidia,Apiaceae,genus,listed,pollen_host,fowler-central-2020,https://jarrodfowler.com/bees_pollen.html,2026-10-07,398,True,https://www.discoverlife.org/20/q?search=Hylaeus+sparsus,http://plants.usda.gov/plant-profile/TAENI,explicit_source_label,
Hylaeus sparsus,Colletidae,Thaspium,Apiaceae,genus,listed,pollen_host,fowler-central-2020,https://jarrodfowler.com/bees_pollen.html,2026-10-07,398,True,https://www.discoverlife.org/20/q?search=Hylaeus+sparsus,http://plants.usda.gov/plant-profile/THASP,explicit_source_label,
Hylaeus sparsus,Colletidae,Zizia,Apiaceae,genus,listed,pollen_host,fowler-central-2020,https://jarrodfowler.com/bees_pollen.html,2026-10-07,398,True,https://www.discoverlife.org/20/q?search=Hylaeus+sparsus,http://plants.usda.gov/plant-profile/ZIZIA,explicit_source_label,
Lasioglossum aberrans,Halictidae,Oenothera,,genus,listed,pollen_host,fowler-central-2020,https://jarrodfowler.com/bees_pollen.html,2026-10-07,399,True,https://www.discoverlife.org/20/q?search=Lasioglossum+aberrans,https://plants.usda.gov/plant-profile/OENOT,not_stated,
Lasioglossum lusorium,Halictidae,Oenothera,,genus,listed,pollen_host,fowler-central-2020,https://jarrodfowler.com/bees_pollen.html,2026-10-07,400,True,https://www.discoverlife.org/20/q?search=Lasioglossum+lusorium,https://plants.usda.gov/plant-profile/OENOT,not_stated,
Lasioglossum lustrans,Halictidae,Eurybia,,genus,listed,pollen_host,fowler-central-2020,https://jarrodfowler.com/bees_pollen.html,2026-10-07,401,True,https://www.discoverlife.org/20/q?search=Lasioglossum+lustrans,https://plants.usda.gov/plant-profile/EURYB,not_stated,
Lasioglossum lustrans,Halictidae,Pyrrhopappus,,genus,listed,pollen_host,fowler-central-2020,https://jarrodfowler.com/bees_pollen.html,2026-10-07,401,True,https://www.discoverlife.org/20/q?search=Lasioglossum+lustrans,https://plants.usda.gov/plant-profile/PYRRH,not_stated,
Lasioglossum nelumbonis,Halictidae,Nelumbo,,genus,listed,pollen_host,fowler-central-2020,https://jarrodfowler.com/bees_pollen.html,2026-10-07,402,True,https://www.discoverlife.org/20/q?search=Lasioglossum+nelumbonis,https://plants.usda.gov/plant-profile/NELU,not_stated,
Lasioglossum nelumbonis,Halictidae,Nuphar,,genus,listed,pollen_host,fowler-central-2020,https://jarrodfowler.com/bees_pollen.html,2026-10-07,402,True,https://www.discoverlife.org/20/q?search=Lasioglossum+nelumbonis,https://plants.usda.gov/plant-profile/NULU,not_stated,
Lasioglossum nelumbonis,Halictidae,Nymphaea,,genus,listed,pollen_host,fowler-central-2020,https://jarrodfowler.com/bees_pollen.html,2026-10-07,402,True,https://www.discoverlife.org/20/q?search=Lasioglossum+nelumbonis,https://plants.usda.gov/plant-profile/NYMPH,not_stated,
Lasioglossum noctivaga,Halictidae,Oenothera,,genus,listed,pollen_host,fowler-central-2020,https://jarrodfowler.com/bees_pollen.html,2026-10-07,403,True,https://www.discoverlife.org/20/q?search=Lasioglossum+noctivaga,https://plants.usda.gov/plant-profile/OENOT,not_stated,
Lasioglossum oenotherae,Halictidae,Oenothera,,genus,listed,pollen_host,fowler-central-2020,https://jarrodfowler.com/bees_pollen.html,2026-10-07,404,True,https://www.discoverlife.org/20/q?search=Lasioglossum+oenotherae,https://plants.usda.gov/plant-profile/OENOT,not_stated,
Lasioglossum texanum,Halictidae,Oenothera,,genus,listed,pollen_host,fowler-central-2020,https://jarrodfowler.com/bees_pollen.html,2026-10-07,406,True,https://www.discoverlife.org/20/q?search=Lasioglossum+texanum,https://plants.usda.gov/plant-profile/OENOT,not_stated,
Lithurgopsis apicalis,Megachilidae,Cylindropuntia,Cactaceae,genus,listed,pollen_host,fowler-central-2020,https://jarrodfowler.com/bees_pollen.html,2026-10-07,421,True,https://www.discoverlife.org/20/q?search=Lithurgopsis+apicalis,https://plants.usda.gov/plant-profile/CYLIN2,explicit_source_label,
Lithurgopsis apicalis,Megachilidae,Echinocactus,Cactaceae,genus,listed,pollen_host,fowler-central-2020,https://jarrodfowler.com/bees_pollen.html,2026-10-07,421,True,https://www.discoverlife.org/20/q?search=Lithurgopsis+apicalis,https://plants.usda.gov/plant-profile/ECHIN2,explicit_source_label,
Lithurgopsis apicalis,Megachilidae,Ferocactus,Cactaceae,genus,listed,pollen_host,fowler-central-2020,https://jarrodfowler.com/bees_pollen.html,2026-10-07,421,True,https://www.discoverlife.org/20/q?search=Lithurgopsis+apicalis,https://plants.usda.gov/plant-profile/FEROC,explicit_source_label,
Lithurgopsis apicalis,Megachilidae,Opuntia,Cactaceae,genus,listed,pollen_host,fowler-central-2020,https://jarrodfowler.com/bees_pollen.html,2026-10-07,421,True,https://www.discoverlife.org/20/q?search=Lithurgopsis+apicalis,https://plants.usda.gov/plant-profile/OPUNT,explicit_source_label,
Lithurgopsis gibbosa,Megachilidae,Opuntia,,genus,listed,pollen_host,fowler-central-2020,https://jarrodfowler.com/bees_pollen.html,2026-10-07,422,True,https://www.discoverlife.org/20/q?search=Lithurgopsis+gibbosa,https://plants.usda.gov/plant-profile/OPUNT,not_stated,
Lithurgopsis littoralis,Megachilidae,Cylindropuntia,Cactaceae,genus,listed,pollen_host,fowler-central-2020,https://jarrodfowler.com/bees_pollen.html,2026-10-07,423,True,https://www.discoverlife.org/20/q?search=Lithurgopsis+littoralis,https://plants.usda.gov/plant-profile/CYLIN2,explicit_source_label,
Lithurgopsis littoralis,Megachilidae,Echinocactus,Cactaceae,genus,listed,pollen_host,fowler-central-2020,https://jarrodfowler.com/bees_pollen.html,2026-10-07,423,True,https://www.discoverlife.org/20/q?search=Lithurgopsis+littoralis,https://plants.usda.gov/plant-profile/ECHIN2,explicit_source_label,
Lithurgopsis littoralis,Megachilidae,Ferocactus,Cactaceae,genus,listed,pollen_host,fowler-central-2020,https://jarrodfowler.com/bees_pollen.html,2026-10-07,423,True,https://www.discoverlife.org/20/q?search=Lithurgopsis+littoralis,https://plants.usda.gov/plant-profile/FEROC,explicit_source_label,
Lithurgopsis littoralis,Megachilidae,Opuntia,Cactaceae,genus,listed,pollen_host,fowler-central-2020,https://jarrodfowler.com/bees_pollen.html,2026-10-07,423,True,https://www.discoverlife.org/20/q?search=Lithurgopsis+littoralis,https://plants.usda.gov/plant-profile/OPUNT,explicit_source_label,
Macrotera haplura,Andrenidae,Sphaeralcea,,genus,listed,pollen_host,fowler-central-2020,https://jarrodfowler.com/bees_pollen.html,2026-10-07,145,True,https://www.discoverlife.org/20/q?search=Macrotera+haplura,https://plants.usda.gov/plant-profile/SPHAE,not_stated,
Macrotera latior,Andrenidae,Sphaeralcea,Malvaceae,genus,listed,pollen_host,fowler-central-2020,https://jarrodfowler.com/bees_pollen.html,2026-10-07,146,True,https://www.discoverlife.org/20/q?search=Macrotera+latior,https://plants.usda.gov/plant-profile/SPHAE,explicit_source_label,
Macrotera magniceps,Andrenidae,Sphaeralcea,Malvaceae,genus,listed,pollen_host,fowler-central-2020,https://jarrodfowler.com/bees_pollen.html,2026-10-07,147,True,https://www.discoverlife.org/20/q?search=Macrotera+magniceps,https://plants.usda.gov/plant-profile/SPHAE,explicit_source_label,
Macrotera mellea,Andrenidae,Chamaesyce,Euphorbiaceae,genus,listed,pollen_host,fowler-central-2020,https://jarrodfowler.com/bees_pollen.html,2026-10-07,148,True,https://www.discoverlife.org/20/q?search=Macrotera+mellea,https://plants.usda.gov/plant-profile/CHAMA15,explicit_source_label,
Macrotera mellea,Andrenidae,Euphorbia,Euphorbiaceae,genus,listed,pollen_host,fowler-central-2020,https://jarrodfowler.com/bees_pollen.html,2026-10-07,148,True,https://www.discoverlife.org/20/q?search=Macrotera+mellea,https://plants.usda.gov/plant-profile/EUPHO,explicit_source_label,
Macrotera opuntiae,Andrenidae,Opuntia,,genus,listed,pollen_host,fowler-central-2020,https://jarrodfowler.com/bees_pollen.html,2026-10-07,149,True,https://www.discoverlife.org/20/q?search=Macrotera+opuntiae,https://plants.usda.gov/plant-profile/OPUNT,not_stated,
Macrotera portalis,Andrenidae,Sphaeralcea,,genus,listed,pollen_host,fowler-central-2020,https://jarrodfowler.com/bees_pollen.html,2026-10-07,150,True,https://www.discoverlife.org/20/q?search=Macrotera+portalis,https://plants.usda.gov/plant-profile/SPHAE,not_stated,
Macrotera texana,Andrenidae,Opuntia,,genus,listed,pollen_host,fowler-central-2020,https://jarrodfowler.com/bees_pollen.html,2026-10-07,151,True,https://www.discoverlife.org/20/q?search=Macrotera+texana,https://plants.usda.gov/plant-profile/OPUNT,not_stated,
Megachile agustini,Megachilidae,Cirsium,Asteraceae,genus,listed,pollen_host,fowler-central-2020,https://jarrodfowler.com/bees_pollen.html,2026-10-07,441,True,https://www.discoverlife.org/20/q?search=Megachile+agustini,https://plants.usda.gov/plant-profile/CIRSI,explicit_source_label,
Megachile agustini,Megachilidae,Helianthus,Asteraceae,genus,listed,pollen_host,fowler-central-2020,https://jarrodfowler.com/bees_pollen.html,2026-10-07,441,True,https://www.discoverlife.org/20/q?search=Megachile+agustini,https://plants.usda.gov/plant-profile/HELIA3,explicit_source_label,
Megachile agustini,Megachilidae,Heliomeris,Asteraceae,genus,listed,pollen_host,fowler-central-2020,https://jarrodfowler.com/bees_pollen.html,2026-10-07,441,True,https://www.discoverlife.org/20/q?search=Megachile+agustini,https://plants.usda.gov/plant-profile/HELIO4,explicit_source_label,
Megachile agustini,Megachilidae,Verbesina,Asteraceae,genus,listed,pollen_host,fowler-central-2020,https://jarrodfowler.com/bees_pollen.html,2026-10-07,441,True,https://www.discoverlife.org/20/q?search=Megachile+agustini,https://plants.usda.gov/plant-profile/VERBE2,explicit_source_label,
Megachile campanulae,Megachilidae,Campanula,,genus,listed,pollen_host,fowler-central-2020,https://jarrodfowler.com/bees_pollen.html,2026-10-07,442,True,https://www.discoverlife.org/20/q?search=Megachile+campanulae,https://plants.usda.gov/plant-profile/CAMPA,not_stated,
Megachile campanulae,Megachilidae,Campanulastrum,,genus,listed,pollen_host,fowler-central-2020,https://jarrodfowler.com/bees_pollen.html,2026-10-07,442,True,https://www.discoverlife.org/20/q?search=Megachile+campanulae,https://plants.usda.gov/plant-profile/CAMPA2,not_stated,
Megachile chilopsidis,Megachilidae,Parkinsonia,Fabaceae,genus,listed,pollen_host,fowler-central-2020,https://jarrodfowler.com/bees_pollen.html,2026-10-07,443,True,https://www.discoverlife.org/20/q?search=Megachile+chilopsidis,https://plants.usda.gov/plant-profile/PARKI2,explicit_source_label,
Megachile chilopsidis,Megachilidae,Prosopis,Fabaceae,genus,listed,pollen_host,fowler-central-2020,https://jarrodfowler.com/bees_pollen.html,2026-10-07,443,True,https://www.discoverlife.org/20/q?search=Megachile+chilopsidis,https://plants.usda.gov/plant-profile/PROSO,explicit_source_label,
Megachile chilopsidis,Megachilidae,Psorothamnus,Fabaceae,genus,listed,pollen_host,fowler-central-2020,https://jarrodfowler.com/bees_pollen.html,2026-10-07,443,True,https://www.discoverlife.org/20/q?search=Megachile+chilopsidis,https://plants.usda.gov/plant-profile/PSORO,explicit_source_label,
Megachile fortis,Megachilidae,Helianthus,,genus,listed,pollen_host,fowler-central-2020,https://jarrodfowler.com/bees_pollen.html,2026-10-07,445,True,https://www.discoverlife.org/20/q?search=Megachile+fortis,https://plants.usda.gov/plant-profile/HELIA3,not_stated,
Megachile frugalis,Megachilidae,Asteraceae,Asteraceae,family,listed,pollen_host,fowler-central-2020,https://jarrodfowler.com/bees_pollen.html,2026-10-07,446,True,https://www.discoverlife.org/20/q?search=Megachile+frugalis,https://plants.usda.gov/plant-profile/ASTERA?searchName=Family,explicit_source_label,
Megachile frugalis,Megachilidae,Fabaceae,Fabaceae,family,listed,pollen_host,fowler-central-2020,https://jarrodfowler.com/bees_pollen.html,2026-10-07,446,True,https://www.discoverlife.org/20/q?search=Megachile+frugalis,https://plants.usda.gov/plant-profile/FABACE?searchName=Family,explicit_source_label,
Megachile inimica,Megachilidae,Baccharis,Asteraceae,genus,listed,pollen_host,fowler-central-2020,https://jarrodfowler.com/bees_pollen.html,2026-10-07,447,True,https://www.discoverlife.org/20/q?search=Megachile+inimica,https://plants.usda.gov/plant-profile/BACCH,explicit_source_label,
Megachile inimica,Megachilidae,Chrysopsis,Asteraceae,genus,listed,pollen_host,fowler-central-2020,https://jarrodfowler.com/bees_pollen.html,2026-10-07,447,True,https://www.discoverlife.org/20/q?search=Megachile+inimica,http://plants.usda.gov/plant-profile/CHRYS7,explicit_source_label,
Megachile inimica,Megachilidae,Cirsium,Asteraceae,genus,listed,pollen_host,fowler-central-2020,https://jarrodfowler.com/bees_pollen.html,2026-10-07,447,True,https://www.discoverlife.org/20/q?search=Megachile+inimica,https://plants.usda.gov/plant-profile/CIRSI,explicit_source_label,
Megachile inimica,Megachilidae,Coreopsis,Asteraceae,genus,listed,pollen_host,fowler-central-2020,https://jarrodfowler.com/bees_pollen.html,2026-10-07,447,True,https://www.discoverlife.org/20/q?search=Megachile+inimica,https://plants.usda.gov/plant-profile/COREO2,explicit_source_label,
Megachile inimica,Megachilidae,Erigeron,Asteraceae,genus,listed,pollen_host,fowler-central-2020,https://jarrodfowler.com/bees_pollen.html,2026-10-07,447,True,https://www.discoverlife.org/20/q?search=Megachile+inimica,https://plants.usda.gov/plant-profile/ERIGE2,explicit_source_label,
Megachile inimica,Megachilidae,Grindelia,Asteraceae,genus,listed,pollen_host,fowler-central-2020,https://jarrodfowler.com/bees_pollen.html,2026-10-07,447,True,https://www.discoverlife.org/20/q?search=Megachile+inimica,https://plants.usda.gov/plant-profile/GRIND,explicit_source_label,
Megachile inimica,Megachilidae,Helianthus,Asteraceae,genus,listed,pollen_host,fowler-central-2020,https://jarrodfowler.com/bees_pollen.html,2026-10-07,447,True,https://www.discoverlife.org/20/q?search=Megachile+inimica,https://plants.usda.gov/plant-profile/HELIA3,explicit_source_label,
Megachile inimica,Megachilidae,Rudbeckia,Asteraceae,genus,listed,pollen_host,fowler-central-2020,https://jarrodfowler.com/bees_pollen.html,2026-10-07,447,True,https://www.discoverlife.org/20/q?search=Megachile+inimica,https://plants.usda.gov/plant-profile/RUDBE,explicit_source_label,
Megachile inimica,Megachilidae,Silphium,Asteraceae,genus,listed,pollen_host,fowler-central-2020,https://jarrodfowler.com/bees_pollen.html,2026-10-07,447,True,https://www.discoverlife.org/20/q?search=Megachile+inimica,https://plants.usda.gov/plant-profile/SILPH,explicit_source_label,
Megachile inimica,Megachilidae,Solidago,Asteraceae,genus,listed,pollen_host,fowler-central-2020,https://jarrodfowler.com/bees_pollen.html,2026-10-07,447,True,https://www.discoverlife.org/20/q?search=Megachile+inimica,https://plants.usda.gov/plant-profile/SOLID,explicit_source_label,
Megachile inimica,Megachilidae,Verbesina,Asteraceae,genus,listed,pollen_host,fowler-central-2020,https://jarrodfowler.com/bees_pollen.html,2026-10-07,447,True,https://www.discoverlife.org/20/q?search=Megachile+inimica,https://plants.usda.gov/plant-profile/VERBE2,explicit_source_label,
Megachile inimica,Megachilidae,Vernonia,Asteraceae,genus,listed,pollen_host,fowler-central-2020,https://jarrodfowler.com/bees_pollen.html,2026-10-07,447,True,https://www.discoverlife.org/20/q?search=Megachile+inimica,https://plants.usda.gov/plant-profile/VERNO,explicit_source_label,
Megachile integra,Megachilidae,Galactia,,genus,listed,pollen_host,fowler-central-2020,https://jarrodfowler.com/bees_pollen.html,2026-10-07,448,True,https://www.discoverlife.org/20/q?search=Megachile+integra,https://plants.usda.gov/plant-profile/GALAC,not_stated,
Megachile integra,Megachilidae,Strophostyles,,genus,listed,pollen_host,fowler-central-2020,https://jarrodfowler.com/bees_pollen.html,2026-10-07,448,True,https://www.discoverlife.org/20/q?search=Megachile+integra,http://plants.usda.gov/plant-profile/STROP,not_stated,
Megachile lobatifrons,Megachilidae,Parkinsonia,Fabaceae,genus,listed,pollen_host,fowler-central-2020,https://jarrodfowler.com/bees_pollen.html,2026-10-07,450,True,https://www.discoverlife.org/20/q?search=Megachile+lobatifrons,https://plants.usda.gov/plant-profile/PARKI2,explicit_source_label,
Megachile lobatifrons,Megachilidae,Prosopis,Fabaceae,genus,listed,pollen_host,fowler-central-2020,https://jarrodfowler.com/bees_pollen.html,2026-10-07,450,True,https://www.discoverlife.org/20/q?search=Megachile+lobatifrons,https://plants.usda.gov/plant-profile/PROSO,explicit_source_label,
Megachile lobatifrons,Megachilidae,Psorothamnus,Fabaceae,genus,listed,pollen_host,fowler-central-2020,https://jarrodfowler.com/bees_pollen.html,2026-10-07,450,True,https://www.discoverlife.org/20/q?search=Megachile+lobatifrons,https://plants.usda.gov/plant-profile/PSORO,explicit_source_label,
Megachile melanophaea,Megachilidae,Astragalus,Fabaceae,genus,listed,pollen_host,fowler-central-2020,https://jarrodfowler.com/bees_pollen.html,2026-10-07,452,True,https://www.discoverlife.org/20/q?search=Megachile+melanophaea,https://plants.usda.gov/plant-profile/ASTRA,explicit_source_label,
Megachile melanophaea,Megachilidae,Hedysarum,Fabaceae,genus,listed,pollen_host,fowler-central-2020,https://jarrodfowler.com/bees_pollen.html,2026-10-07,452,True,https://www.discoverlife.org/20/q?search=Megachile+melanophaea,https://plants.usda.gov/plant-profile/HEDYS,explicit_source_label,
Megachile melanophaea,Megachilidae,Lotus,Fabaceae,genus,listed,pollen_host,fowler-central-2020,https://jarrodfowler.com/bees_pollen.html,2026-10-07,452,True,https://www.discoverlife.org/20/q?search=Megachile+melanophaea,https://plants.usda.gov/plant-profile/LOTUS,explicit_source_label,
Megachile melanophaea,Megachilidae,Lupinus,Fabaceae,genus,listed,pollen_host,fowler-central-2020,https://jarrodfowler.com/bees_pollen.html,2026-10-07,452,True,https://www.discoverlife.org/20/q?search=Megachile+melanophaea,https://plants.usda.gov/plant-profile/LUPIN,explicit_source_label,
Megachile newberryae,Megachilidae,Dalea,Fabaceae,genus,listed,pollen_host,fowler-central-2020,https://jarrodfowler.com/bees_pollen.html,2026-10-07,453,True,https://www.discoverlife.org/20/q?search=Megachile+newberryae,https://plants.usda.gov/plant-profile/DALEA,explicit_source_label,
Megachile newberryae,Megachilidae,Parkinsonia,Fabaceae,genus,listed,pollen_host,fowler-central-2020,https://jarrodfowler.com/bees_pollen.html,2026-10-07,453,True,https://www.discoverlife.org/20/q?search=Megachile+newberryae,https://plants.usda.gov/plant-profile/PARKI2,explicit_source_label,
Megachile newberryae,Megachilidae,Prosopis,Fabaceae,genus,listed,pollen_host,fowler-central-2020,https://jarrodfowler.com/bees_pollen.html,2026-10-07,453,True,https://www.discoverlife.org/20/q?search=Megachile+newberryae,https://plants.usda.gov/plant-profile/PROSO,explicit_source_label,
Megachile odontostoma,Megachilidae,Parkinsonia,Fabaceae,genus,listed,pollen_host,fowler-central-2020,https://jarrodfowler.com/bees_pollen.html,2026-10-07,454,True,https://www.discoverlife.org/20/q?search=Megachile+odontostoma,https://plants.usda.gov/plant-profile/PARKI2,explicit_source_label,
Megachile odontostoma,Megachilidae,Prosopis,Fabaceae,genus,listed,pollen_host,fowler-central-2020,https://jarrodfowler.com/bees_pollen.html,2026-10-07,454,True,https://www.discoverlife.org/20/q?search=Megachile+odontostoma,https://plants.usda.gov/plant-profile/PROSO,explicit_source_label,
Megachile oenotherae,Megachilidae,Oenothera,,genus,listed,pollen_host,fowler-central-2020,https://jarrodfowler.com/bees_pollen.html,2026-10-07,455,True,https://www.discoverlife.org/20/q?search=Megachile+oenotherae,https://plants.usda.gov/plant-profile/OENOT,not_stated,
Megachile parallela,Megachilidae,Baccharis,Asteraceae,genus,listed,pollen_host,fowler-central-2020,https://jarrodfowler.com/bees_pollen.html,2026-10-07,456,True,https://www.discoverlife.org/20/q?search=Megachile+parallela,https://plants.usda.gov/plant-profile/BACCH,explicit_source_label,
Megachile parallela,Megachilidae,Bebbia,Asteraceae,genus,listed,pollen_host,fowler-central-2020,https://jarrodfowler.com/bees_pollen.html,2026-10-07,456,True,https://www.discoverlife.org/20/q?search=Megachile+parallela,https://plants.usda.gov/plant-profile/BEBBI,explicit_source_label,
Megachile parallela,Megachilidae,Chrysothamnus,Asteraceae,genus,listed,pollen_host,fowler-central-2020,https://jarrodfowler.com/bees_pollen.html,2026-10-07,456,True,https://www.discoverlife.org/20/q?search=Megachile+parallela,https://plants.usda.gov/plant-profile/CHRYS9,explicit_source_label,
Megachile parallela,Megachilidae,Coreopsis,Asteraceae,genus,listed,pollen_host,fowler-central-2020,https://jarrodfowler.com/bees_pollen.html,2026-10-07,456,True,https://www.discoverlife.org/20/q?search=Megachile+parallela,https://plants.usda.gov/plant-profile/COREO2,explicit_source_label,
Megachile parallela,Megachilidae,Echinacea,Asteraceae,genus,listed,pollen_host,fowler-central-2020,https://jarrodfowler.com/bees_pollen.html,2026-10-07,456,True,https://www.discoverlife.org/20/q?search=Megachile+parallela,https://plants.usda.gov/plant-profile/ECHIN,explicit_source_label,
Megachile parallela,Megachilidae,Ericameria,Asteraceae,genus,listed,pollen_host,fowler-central-2020,https://jarrodfowler.com/bees_pollen.html,2026-10-07,456,True,https://www.discoverlife.org/20/q?search=Megachile+parallela,https://plants.usda.gov/plant-profile/ERICA2,explicit_source_label,
Megachile parallela,Megachilidae,Gaillardia,Asteraceae,genus,listed,pollen_host,fowler-central-2020,https://jarrodfowler.com/bees_pollen.html,2026-10-07,456,True,https://www.discoverlife.org/20/q?search=Megachile+parallela,https://plants.usda.gov/plant-profile/GAILL,explicit_source_label,
Megachile parallela,Megachilidae,Grindelia,Asteraceae,genus,listed,pollen_host,fowler-central-2020,https://jarrodfowler.com/bees_pollen.html,2026-10-07,456,True,https://www.discoverlife.org/20/q?search=Megachile+parallela,https://plants.usda.gov/plant-profile/GRIND,explicit_source_label,
Megachile parallela,Megachilidae,Gutierrezia,Asteraceae,genus,listed,pollen_host,fowler-central-2020,https://jarrodfowler.com/bees_pollen.html,2026-10-07,456,True,https://www.discoverlife.org/20/q?search=Megachile+parallela,https://plants.usda.gov/plant-profile/GUTIE,explicit_source_label,
Megachile parallela,Megachilidae,Haplopappus,Asteraceae,genus,listed,pollen_host,fowler-central-2020,https://jarrodfowler.com/bees_pollen.html,2026-10-07,456,True,https://www.discoverlife.org/20/q?search=Megachile+parallela,https://plants.usda.gov/plant-profile/HAPLO11,explicit_source_label,
Megachile parallela,Megachilidae,Helenium,Asteraceae,genus,listed,pollen_host,fowler-central-2020,https://jarrodfowler.com/bees_pollen.html,2026-10-07,456,True,https://www.discoverlife.org/20/q?search=Megachile+parallela,https://plants.usda.gov/plant-profile/HELEN,explicit_source_label,
Megachile parallela,Megachilidae,Helianthus,Asteraceae,genus,listed,pollen_host,fowler-central-2020,https://jarrodfowler.com/bees_pollen.html,2026-10-07,456,True,https://www.discoverlife.org/20/q?search=Megachile+parallela,https://plants.usda.gov/plant-profile/HELIA3,explicit_source_label,
Megachile parallela,Megachilidae,Heterotheca,Asteraceae,genus,listed,pollen_host,fowler-central-2020,https://jarrodfowler.com/bees_pollen.html,2026-10-07,456,True,https://www.discoverlife.org/20/q?search=Megachile+parallela,https://plants.usda.gov/plant-profile/HETER8,explicit_source_label,
Megachile parallela,Megachilidae,Hymenothrix,Asteraceae,genus,listed,pollen_host,fowler-central-2020,https://jarrodfowler.com/bees_pollen.html,2026-10-07,456,True,https://www.discoverlife.org/20/q?search=Megachile+parallela,https://plants.usda.gov/plant-profile/HYMEN6,explicit_source_label,
Megachile parallela,Megachilidae,Malacothrix,Asteraceae,genus,listed,pollen_host,fowler-central-2020,https://jarrodfowler.com/bees_pollen.html,2026-10-07,456,True,https://www.discoverlife.org/20/q?search=Megachile+parallela,https://plants.usda.gov/plant-profile/MALAC3,explicit_source_label,
Megachile parallela,Megachilidae,Palafoxia,Asteraceae,genus,listed,pollen_host,fowler-central-2020,https://jarrodfowler.com/bees_pollen.html,2026-10-07,456,True,https://www.discoverlife.org/20/q?search=Megachile+parallela,https://plants.usda.gov/plant-profile/PALAF,explicit_source_label,
Megachile parallela,Megachilidae,Plectocephalus,Asteraceae,genus,listed,pollen_host,fowler-central-2020,https://jarrodfowler.com/bees_pollen.html,2026-10-07,456,True,https://www.discoverlife.org/20/q?search=Megachile+parallela,https://plants.usda.gov/plant-profile/CENTA,explicit_source_label,
Megachile parallela,Megachilidae,Pyrrocoma,Asteraceae,genus,listed,pollen_host,fowler-central-2020,https://jarrodfowler.com/bees_pollen.html,2026-10-07,456,True,https://www.discoverlife.org/20/q?search=Megachile+parallela,https://plants.usda.gov/plant-profile/PYRRO,explicit_source_label,
Megachile parallela,Megachilidae,Rudbeckia,Asteraceae,genus,listed,pollen_host,fowler-central-2020,https://jarrodfowler.com/bees_pollen.html,2026-10-07,456,True,https://www.discoverlife.org/20/q?search=Megachile+parallela,https://plants.usda.gov/plant-profile/RUDBE,explicit_source_label,
Megachile parallela,Megachilidae,Senecio,Asteraceae,genus,listed,pollen_host,fowler-central-2020,https://jarrodfowler.com/bees_pollen.html,2026-10-07,456,True,https://www.discoverlife.org/20/q?search=Megachile+parallela,https://plants.usda.gov/plant-profile/SENEC,explicit_source_label,
Megachile parallela,Megachilidae,Solidago,Asteraceae,genus,listed,pollen_host,fowler-central-2020,https://jarrodfowler.com/bees_pollen.html,2026-10-07,456,True,https://www.discoverlife.org/20/q?search=Megachile+parallela,https://plants.usda.gov/plant-profile/SOLID,explicit_source_label,
Megachile parallela,Megachilidae,Stephanomeria,Asteraceae,genus,listed,pollen_host,fowler-central-2020,https://jarrodfowler.com/bees_pollen.html,2026-10-07,456,True,https://www.discoverlife.org/20/q?search=Megachile+parallela,https://plants.usda.gov/plant-profile/STEPH,explicit_source_label,
Megachile parallela,Megachilidae,Tetraneuris,Asteraceae,genus,listed,pollen_host,fowler-central-2020,https://jarrodfowler.com/bees_pollen.html,2026-10-07,456,True,https://www.discoverlife.org/20/q?search=Megachile+parallela,https://plants.usda.gov/plant-profile/TETRA17,explicit_source_label,
Megachile parallela,Megachilidae,Verbesina,Asteraceae,genus,listed,pollen_host,fowler-central-2020,https://jarrodfowler.com/bees_pollen.html,2026-10-07,456,True,https://www.discoverlife.org/20/q?search=Megachile+parallela,https://plants.usda.gov/plant-profile/VERBE2,explicit_source_label,
Megachile perihirta,Megachilidae,Asteraceae,Asteraceae,family,tentative,pollen_host,fowler-central-2020,https://jarrodfowler.com/bees_pollen.html,2026-10-07,457,True,https://www.discoverlife.org/20/q?search=Megachile+perihirta,https://plants.usda.gov/plant-profile/ASTERA?searchName=Family,explicit_source_label,
Megachile perihirta,Megachilidae,Fabaceae,Fabaceae,family,tentative,pollen_host,fowler-central-2020,https://jarrodfowler.com/bees_pollen.html,2026-10-07,457,True,https://www.discoverlife.org/20/q?search=Megachile+perihirta,https://plants.usda.gov/plant-profile/FABACE?searchName=Family,explicit_source_label,
Megachile pugnata,Megachilidae,Cirsium,Asteraceae,genus,listed,pollen_host,fowler-central-2020,https://jarrodfowler.com/bees_pollen.html,2026-10-07,458,True,https://www.discoverlife.org/20/q?search=Megachile+pugnata,https://plants.usda.gov/plant-profile/CIRSI,explicit_source_label,
Megachile pugnata,Megachilidae,Coreopsis,Asteraceae,genus,listed,pollen_host,fowler-central-2020,https://jarrodfowler.com/bees_pollen.html,2026-10-07,458,True,https://www.discoverlife.org/20/q?search=Megachile+pugnata,https://plants.usda.gov/plant-profile/COREO2,explicit_source_label,
Megachile pugnata,Megachilidae,Erigeron,Asteraceae,genus,listed,pollen_host,fowler-central-2020,https://jarrodfowler.com/bees_pollen.html,2026-10-07,458,True,https://www.discoverlife.org/20/q?search=Megachile+pugnata,https://plants.usda.gov/plant-profile/ERIGE2,explicit_source_label,
Megachile pugnata,Megachilidae,Grindelia,Asteraceae,genus,listed,pollen_host,fowler-central-2020,https://jarrodfowler.com/bees_pollen.html,2026-10-07,458,True,https://www.discoverlife.org/20/q?search=Megachile+pugnata,https://plants.usda.gov/plant-profile/GRIND,explicit_source_label,
Megachile pugnata,Megachilidae,Helianthus,Asteraceae,genus,listed,pollen_host,fowler-central-2020,https://jarrodfowler.com/bees_pollen.html,2026-10-07,458,True,https://www.discoverlife.org/20/q?search=Megachile+pugnata,https://plants.usda.gov/plant-profile/HELIA3,explicit_source_label,
Megachile pugnata,Megachilidae,Rudbeckia,Asteraceae,genus,listed,pollen_host,fowler-central-2020,https://jarrodfowler.com/bees_pollen.html,2026-10-07,458,True,https://www.discoverlife.org/20/q?search=Megachile+pugnata,https://plants.usda.gov/plant-profile/RUDBE,explicit_source_label,
Megachile rossi,Megachilidae,Encelia,Asteraceae,genus,listed,pollen_host,fowler-central-2020,https://jarrodfowler.com/bees_pollen.html,2026-10-07,459,True,https://www.discoverlife.org/20/q?search=Megachile+rossi,https://plants.usda.gov/plant-profile/ENCEL,explicit_source_label,
Megachile rossi,Megachilidae,Helianthus,Asteraceae,genus,listed,pollen_host,fowler-central-2020,https://jarrodfowler.com/bees_pollen.html,2026-10-07,459,True,https://www.discoverlife.org/20/q?search=Megachile+rossi,https://plants.usda.gov/plant-profile/HELIA3,explicit_source_label,
Megachile rossi,Megachilidae,Pluchea,Asteraceae,genus,listed,pollen_host,fowler-central-2020,https://jarrodfowler.com/bees_pollen.html,2026-10-07,459,True,https://www.discoverlife.org/20/q?search=Megachile+rossi,https://plants.usda.gov/plant-profile/PLUCH,explicit_source_label,
Megachile rossi,Megachilidae,Verbesina,Asteraceae,genus,listed,pollen_host,fowler-central-2020,https://jarrodfowler.com/bees_pollen.html,2026-10-07,459,True,https://www.discoverlife.org/20/q?search=Megachile+rossi,https://plants.usda.gov/plant-profile/VERBE2,explicit_source_label,
Megachile soledadensis,Megachilidae,Baileya,Asteraceae,genus,listed,pollen_host,fowler-central-2020,https://jarrodfowler.com/bees_pollen.html,2026-10-07,460,True,https://www.discoverlife.org/20/q?search=Megachile+soledadensis,https://plants.usda.gov/plant-profile/BAILE,explicit_source_label,
Megachile soledadensis,Megachilidae,Bebbia,Asteraceae,genus,listed,pollen_host,fowler-central-2020,https://jarrodfowler.com/bees_pollen.html,2026-10-07,460,True,https://www.discoverlife.org/20/q?search=Megachile+soledadensis,https://plants.usda.gov/plant-profile/BEBBI,explicit_source_label,
Megachile soledadensis,Megachilidae,Chrysothamnus,Asteraceae,genus,listed,pollen_host,fowler-central-2020,https://jarrodfowler.com/bees_pollen.html,2026-10-07,460,True,https://www.discoverlife.org/20/q?search=Megachile+soledadensis,https://plants.usda.gov/plant-profile/CHRYS9,explicit_source_label,
Megachile soledadensis,Megachilidae,Helianthus,Asteraceae,genus,listed,pollen_host,fowler-central-2020,https://jarrodfowler.com/bees_pollen.html,2026-10-07,460,True,https://www.discoverlife.org/20/q?search=Megachile+soledadensis,https://plants.usda.gov/plant-profile/HELIA3,explicit_source_label,
Megachile soledadensis,Megachilidae,Heliomeris,Asteraceae,genus,listed,pollen_host,fowler-central-2020,https://jarrodfowler.com/bees_pollen.html,2026-10-07,460,True,https://www.discoverlife.org/20/q?search=Megachile+soledadensis,https://plants.usda.gov/plant-profile/HELIO4,explicit_source_label,
Megachile soledadensis,Megachilidae,Heterotheca,Asteraceae,genus,listed,pollen_host,fowler-central-2020,https://jarrodfowler.com/bees_pollen.html,2026-10-07,460,True,https://www.discoverlife.org/20/q?search=Megachile+soledadensis,https://plants.usda.gov/plant-profile/HETER8,explicit_source_label,
Megachile soledadensis,Megachilidae,Machaeranthera,Asteraceae,genus,listed,pollen_host,fowler-central-2020,https://jarrodfowler.com/bees_pollen.html,2026-10-07,460,True,https://www.discoverlife.org/20/q?search=Megachile+soledadensis,https://plants.usda.gov/plant-profile/MACHA,explicit_source_label,
Megachile soledadensis,Megachilidae,Pectis,Asteraceae,genus,listed,pollen_host,fowler-central-2020,https://jarrodfowler.com/bees_pollen.html,2026-10-07,460,True,https://www.discoverlife.org/20/q?search=Megachile+soledadensis,https://plants.usda.gov/plant-profile/PECTI,explicit_source_label,
Megachile soledadensis,Megachilidae,Verbesina,Asteraceae,genus,listed,pollen_host,fowler-central-2020,https://jarrodfowler.com/bees_pollen.html,2026-10-07,460,True,https://www.discoverlife.org/20/q?search=Megachile+soledadensis,https://plants.usda.gov/plant-profile/VERBE2,explicit_source_label,
Megachile subexilis,Megachilidae,Lotus,Fabaceae,genus,listed,pollen_host,fowler-central-2020,https://jarrodfowler.com/bees_pollen.html,2026-10-07,461,True,https://www.discoverlife.org/20/q?search=Megachile+subexilis,https://plants.usda.gov/plant-profile/LOTUS,explicit_source_label,
Megachile subexilis,Megachilidae,Lupinus,Fabaceae,genus,listed,pollen_host,fowler-central-2020,https://jarrodfowler.com/bees_pollen.html,2026-10-07,461,True,https://www.discoverlife.org/20/q?search=Megachile+subexilis,https://plants.usda.gov/plant-profile/LUPIN,explicit_source_label,
Megachile subnigra,Megachilidae,Achillea,Asteraceae,genus,listed,pollen_host,fowler-central-2020,https://jarrodfowler.com/bees_pollen.html,2026-10-07,462,True,https://www.discoverlife.org/20/q?search=Megachile+subnigra,https://plants.usda.gov/plant-profile/ACHIL,explicit_source_label,
Megachile subnigra,Megachilidae,Bebbia,Asteraceae,genus,listed,pollen_host,fowler-central-2020,https://jarrodfowler.com/bees_pollen.html,2026-10-07,462,True,https://www.discoverlife.org/20/q?search=Megachile+subnigra,https://plants.usda.gov/plant-profile/BEBBI,explicit_source_label,
Megachile subnigra,Megachilidae,Chaenactis,Asteraceae,genus,listed,pollen_host,fowler-central-2020,https://jarrodfowler.com/bees_pollen.html,2026-10-07,462,True,https://www.discoverlife.org/20/q?search=Megachile+subnigra,https://plants.usda.gov/plant-profile/CHAEN,explicit_source_label,
Megachile subnigra,Megachilidae,Cirsium,Asteraceae,genus,listed,pollen_host,fowler-central-2020,https://jarrodfowler.com/bees_pollen.html,2026-10-07,462,True,https://www.discoverlife.org/20/q?search=Megachile+subnigra,https://plants.usda.gov/plant-profile/CIRSI,explicit_source_label,
Megachile subnigra,Megachilidae,Coreopsis,Asteraceae,genus,listed,pollen_host,fowler-central-2020,https://jarrodfowler.com/bees_pollen.html,2026-10-07,462,True,https://www.discoverlife.org/20/q?search=Megachile+subnigra,https://plants.usda.gov/plant-profile/COREO2,explicit_source_label,
Megachile subnigra,Megachilidae,Encelia,Asteraceae,genus,listed,pollen_host,fowler-central-2020,https://jarrodfowler.com/bees_pollen.html,2026-10-07,462,True,https://www.discoverlife.org/20/q?search=Megachile+subnigra,https://plants.usda.gov/plant-profile/ENCEL,explicit_source_label,
Megachile subnigra,Megachilidae,Ericameria,Asteraceae,genus,listed,pollen_host,fowler-central-2020,https://jarrodfowler.com/bees_pollen.html,2026-10-07,462,True,https://www.discoverlife.org/20/q?search=Megachile+subnigra,https://plants.usda.gov/plant-profile/ERICA2,explicit_source_label,
Megachile subnigra,Megachilidae,Eriophyllum,Asteraceae,genus,listed,pollen_host,fowler-central-2020,https://jarrodfowler.com/bees_pollen.html,2026-10-07,462,True,https://www.discoverlife.org/20/q?search=Megachile+subnigra,https://plants.usda.gov/plant-profile/ERIOP2,explicit_source_label,
Megachile subnigra,Megachilidae,Senecio,Asteraceae,genus,listed,pollen_host,fowler-central-2020,https://jarrodfowler.com/bees_pollen.html,2026-10-07,462,True,https://www.discoverlife.org/20/q?search=Megachile+subnigra,https://plants.usda.gov/plant-profile/SENEC,explicit_source_label,
Megachile townsendiana,Megachilidae,Baccharis,Asteraceae,genus,listed,pollen_host,fowler-central-2020,https://jarrodfowler.com/bees_pollen.html,2026-10-07,463,True,https://www.discoverlife.org/20/q?search=Megachile+townsendiana,https://plants.usda.gov/plant-profile/BACCH,explicit_source_label,
Megachile townsendiana,Megachilidae,Baileya,Asteraceae,genus,listed,pollen_host,fowler-central-2020,https://jarrodfowler.com/bees_pollen.html,2026-10-07,463,True,https://www.discoverlife.org/20/q?search=Megachile+townsendiana,https://plants.usda.gov/plant-profile/BAILE,explicit_source_label,
Megachile townsendiana,Megachilidae,Chrysothamnus,Asteraceae,genus,listed,pollen_host,fowler-central-2020,https://jarrodfowler.com/bees_pollen.html,2026-10-07,463,True,https://www.discoverlife.org/20/q?search=Megachile+townsendiana,https://plants.usda.gov/plant-profile/CHRYS9,explicit_source_label,
Megachile townsendiana,Megachilidae,Encelia,Asteraceae,genus,listed,pollen_host,fowler-central-2020,https://jarrodfowler.com/bees_pollen.html,2026-10-07,463,True,https://www.discoverlife.org/20/q?search=Megachile+townsendiana,https://plants.usda.gov/plant-profile/ENCEL,explicit_source_label,
Megachile townsendiana,Megachilidae,Haplopappus,Asteraceae,genus,listed,pollen_host,fowler-central-2020,https://jarrodfowler.com/bees_pollen.html,2026-10-07,463,True,https://www.discoverlife.org/20/q?search=Megachile+townsendiana,https://plants.usda.gov/plant-profile/HAPLO11,explicit_source_label,
Megachile townsendiana,Megachilidae,Heterotheca,Asteraceae,genus,listed,pollen_host,fowler-central-2020,https://jarrodfowler.com/bees_pollen.html,2026-10-07,463,True,https://www.discoverlife.org/20/q?search=Megachile+townsendiana,https://plants.usda.gov/plant-profile/HETER8,explicit_source_label,
Megachile townsendiana,Megachilidae,Hymenopappus,Asteraceae,genus,listed,pollen_host,fowler-central-2020,https://jarrodfowler.com/bees_pollen.html,2026-10-07,463,True,https://www.discoverlife.org/20/q?search=Megachile+townsendiana,https://plants.usda.gov/plant-profile/HYMEN4,explicit_source_label,
Megachile townsendiana,Megachilidae,Isocoma,Asteraceae,genus,listed,pollen_host,fowler-central-2020,https://jarrodfowler.com/bees_pollen.html,2026-10-07,463,True,https://www.discoverlife.org/20/q?search=Megachile+townsendiana,https://plants.usda.gov/plant-profile/ISOCO,explicit_source_label,
Megachile townsendiana,Megachilidae,Pectis,Asteraceae,genus,listed,pollen_host,fowler-central-2020,https://jarrodfowler.com/bees_pollen.html,2026-10-07,463,True,https://www.discoverlife.org/20/q?search=Megachile+townsendiana,https://plants.usda.gov/plant-profile/PECTI,explicit_source_label,
Megachile townsendiana,Megachilidae,Verbesina,Asteraceae,genus,listed,pollen_host,fowler-central-2020,https://jarrodfowler.com/bees_pollen.html,2026-10-07,463,True,https://www.discoverlife.org/20/q?search=Megachile+townsendiana,https://plants.usda.gov/plant-profile/VERBE2,explicit_source_label,
Megachile xylocopoides,Megachilidae,Coreopsis,Asteraceae,genus,listed,pollen_host,fowler-central-2020,https://jarrodfowler.com/bees_pollen.html,2026-10-07,465,True,https://www.discoverlife.org/20/q?search=Megachile+xylocopoides,https://plants.usda.gov/plant-profile/COREO2,explicit_source_label,
Megachile xylocopoides,Megachilidae,Erigeron,Asteraceae,genus,listed,pollen_host,fowler-central-2020,https://jarrodfowler.com/bees_pollen.html,2026-10-07,465,True,https://www.discoverlife.org/20/q?search=Megachile+xylocopoides,https://plants.usda.gov/plant-profile/ERIGE2,explicit_source_label,
Megachile xylocopoides,Megachilidae,Helianthus,Asteraceae,genus,listed,pollen_host,fowler-central-2020,https://jarrodfowler.com/bees_pollen.html,2026-10-07,465,True,https://www.discoverlife.org/20/q?search=Megachile+xylocopoides,https://plants.usda.gov/plant-profile/HELIA3,explicit_source_label,
Megachile xylocopoides,Megachilidae,Rudbeckia,Asteraceae,genus,listed,pollen_host,fowler-central-2020,https://jarrodfowler.com/bees_pollen.html,2026-10-07,465,True,https://www.discoverlife.org/20/q?search=Megachile+xylocopoides,https://plants.usda.gov/plant-profile/RUDBE,explicit_source_label,
Megachile xylocopoides,Megachilidae,Solidago,Asteraceae,genus,listed,pollen_host,fowler-central-2020,https://jarrodfowler.com/bees_pollen.html,2026-10-07,465,True,https://www.discoverlife.org/20/q?search=Megachile+xylocopoides,https://plants.usda.gov/plant-profile/SOLID,explicit_source_label,
Megachile xylocopoides,Megachilidae,Vernonia,Asteraceae,genus,listed,pollen_host,fowler-central-2020,https://jarrodfowler.com/bees_pollen.html,2026-10-07,465,True,https://www.discoverlife.org/20/q?search=Megachile+xylocopoides,https://plants.usda.gov/plant-profile/VERNO,explicit_source_label,
Melissodes agilis,Apidae,Cirsium,Asteraceae,genus,listed,pollen_host,fowler-central-2020,https://jarrodfowler.com/bees_pollen.html,2026-10-07,291,True,https://www.discoverlife.org/20/q?search=Melissodes+agilis,https://plants.usda.gov/plant-profile/CIRSI,explicit_source_label,
Melissodes agilis,Apidae,Grindelia,Asteraceae,genus,listed,pollen_host,fowler-central-2020,https://jarrodfowler.com/bees_pollen.html,2026-10-07,291,True,https://www.discoverlife.org/20/q?search=Melissodes+agilis,https://plants.usda.gov/plant-profile/GRIND,explicit_source_label,
Melissodes agilis,Apidae,Helianthus,Asteraceae,genus,listed,pollen_host,fowler-central-2020,https://jarrodfowler.com/bees_pollen.html,2026-10-07,291,True,https://www.discoverlife.org/20/q?search=Melissodes+agilis,https://plants.usda.gov/plant-profile/HELIA3,explicit_source_label,
Melissodes agilis,Apidae,Ratibida,Asteraceae,genus,listed,pollen_host,fowler-central-2020,https://jarrodfowler.com/bees_pollen.html,2026-10-07,291,True,https://www.discoverlife.org/20/q?search=Melissodes+agilis,https://plants.usda.gov/plant-profile/RATIB,explicit_source_label,
Melissodes agilis,Apidae,Rudbeckia,Asteraceae,genus,listed,pollen_host,fowler-central-2020,https://jarrodfowler.com/bees_pollen.html,2026-10-07,291,True,https://www.discoverlife.org/20/q?search=Melissodes+agilis,https://plants.usda.gov/plant-profile/RUDBE,explicit_source_label,
Melissodes agilis,Apidae,Simsia,Asteraceae,genus,listed,pollen_host,fowler-central-2020,https://jarrodfowler.com/bees_pollen.html,2026-10-07,291,True,https://www.discoverlife.org/20/q?search=Melissodes+agilis,https://plants.usda.gov/plant-profile/SIMSI,explicit_source_label,
Melissodes agilis,Apidae,Solidago,Asteraceae,genus,listed,pollen_host,fowler-central-2020,https://jarrodfowler.com/bees_pollen.html,2026-10-07,291,True,https://www.discoverlife.org/20/q?search=Melissodes+agilis,http://plants.usda.gov/plant-profile/SOLID,explicit_source_label,
Melissodes agilis,Apidae,Verbesina,Asteraceae,genus,listed,pollen_host,fowler-central-2020,https://jarrodfowler.com/bees_pollen.html,2026-10-07,291,True,https://www.discoverlife.org/20/q?search=Melissodes+agilis,https://plants.usda.gov/plant-profile/VERBE2,explicit_source_label,
Melissodes bidentis,Apidae,Bidens,Asteraceae,genus,listed,pollen_host,fowler-central-2020,https://jarrodfowler.com/bees_pollen.html,2026-10-07,293,True,https://www.discoverlife.org/20/q?search=Melissodes+bidentis,https://plants.usda.gov/plant-profile/BIDEN,explicit_source_label,
Melissodes bidentis,Apidae,Helianthus,Asteraceae,genus,listed,pollen_host,fowler-central-2020,https://jarrodfowler.com/bees_pollen.html,2026-10-07,293,True,https://www.discoverlife.org/20/q?search=Melissodes+bidentis,https://plants.usda.gov/plant-profile/HELIA3,explicit_source_label,
Melissodes bidentis,Apidae,Rudbeckia,Asteraceae,genus,listed,pollen_host,fowler-central-2020,https://jarrodfowler.com/bees_pollen.html,2026-10-07,293,True,https://www.discoverlife.org/20/q?search=Melissodes+bidentis,https://plants.usda.gov/plant-profile/RUDBE,explicit_source_label,
Melissodes boltoniae,Apidae,Bidens,Asteraceae,genus,listed,pollen_host,fowler-central-2020,https://jarrodfowler.com/bees_pollen.html,2026-10-07,295,True,https://www.discoverlife.org/20/q?search=Melissodes+boltoniae,https://plants.usda.gov/plant-profile/BIDEN,explicit_source_label,
Melissodes boltoniae,Apidae,Chrysopsis,Asteraceae,genus,listed,pollen_host,fowler-central-2020,https://jarrodfowler.com/bees_pollen.html,2026-10-07,295,True,https://www.discoverlife.org/20/q?search=Melissodes+boltoniae,http://plants.usda.gov/plant-profile/CHRYS7,explicit_source_label,
Melissodes boltoniae,Apidae,Cirsium,Asteraceae,genus,listed,pollen_host,fowler-central-2020,https://jarrodfowler.com/bees_pollen.html,2026-10-07,295,True,https://www.discoverlife.org/20/q?search=Melissodes+boltoniae,https://plants.usda.gov/plant-profile/CIRSI,explicit_source_label,
Melissodes boltoniae,Apidae,Coreopsis,Asteraceae,genus,listed,pollen_host,fowler-central-2020,https://jarrodfowler.com/bees_pollen.html,2026-10-07,295,True,https://www.discoverlife.org/20/q?search=Melissodes+boltoniae,https://plants.usda.gov/plant-profile/COREO2,explicit_source_label,
Melissodes boltoniae,Apidae,Grindelia,Asteraceae,genus,listed,pollen_host,fowler-central-2020,https://jarrodfowler.com/bees_pollen.html,2026-10-07,295,True,https://www.discoverlife.org/20/q?search=Melissodes+boltoniae,https://plants.usda.gov/plant-profile/GRIND,explicit_source_label,
Melissodes boltoniae,Apidae,Helianthus,Asteraceae,genus,listed,pollen_host,fowler-central-2020,https://jarrodfowler.com/bees_pollen.html,2026-10-07,295,True,https://www.discoverlife.org/20/q?search=Melissodes+boltoniae,https://plants.usda.gov/plant-profile/HELIA3,explicit_source_label,
Melissodes boltoniae,Apidae,Heterotheca,Asteraceae,genus,listed,pollen_host,fowler-central-2020,https://jarrodfowler.com/bees_pollen.html,2026-10-07,295,True,https://www.discoverlife.org/20/q?search=Melissodes+boltoniae,https://plants.usda.gov/plant-profile/HETER8,explicit_source_label,
Melissodes boltoniae,Apidae,Ratibida,Asteraceae,genus,listed,pollen_host,fowler-central-2020,https://jarrodfowler.com/bees_pollen.html,2026-10-07,295,True,https://www.discoverlife.org/20/q?search=Melissodes+boltoniae,https://plants.usda.gov/plant-profile/RATIB,explicit_source_label,
Melissodes boltoniae,Apidae,Rudbeckia,Asteraceae,genus,listed,pollen_host,fowler-central-2020,https://jarrodfowler.com/bees_pollen.html,2026-10-07,295,True,https://www.discoverlife.org/20/q?search=Melissodes+boltoniae,https://plants.usda.gov/plant-profile/RUDBE,explicit_source_label,
Melissodes boltoniae,Apidae,Solidago,Asteraceae,genus,listed,pollen_host,fowler-central-2020,https://jarrodfowler.com/bees_pollen.html,2026-10-07,295,True,https://www.discoverlife.org/20/q?search=Melissodes+boltoniae,https://plants.usda.gov/plant-profile/SOLID,explicit_source_label,
Melissodes boltoniae,Apidae,Symphyotrichum,Asteraceae,genus,listed,pollen_host,fowler-central-2020,https://jarrodfowler.com/bees_pollen.html,2026-10-07,295,True,https://www.discoverlife.org/20/q?search=Melissodes+boltoniae,https://plants.usda.gov/plant-profile/SYMPH4,explicit_source_label,
Melissodes boltoniae,Apidae,Verbesina,Asteraceae,genus,listed,pollen_host,fowler-central-2020,https://jarrodfowler.com/bees_pollen.html,2026-10-07,295,True,https://www.discoverlife.org/20/q?search=Melissodes+boltoniae,https://plants.usda.gov/plant-profile/VERBE2,explicit_source_label,
Melissodes boltoniae,Apidae,Vernonia,Asteraceae,genus,listed,pollen_host,fowler-central-2020,https://jarrodfowler.com/bees_pollen.html,2026-10-07,295,True,https://www.discoverlife.org/20/q?search=Melissodes+boltoniae,https://plants.usda.gov/plant-profile/VERNO,explicit_source_label,
Melissodes confusus,Apidae,Bidens,Asteraceae,genus,listed,pollen_host,fowler-central-2020,https://jarrodfowler.com/bees_pollen.html,2026-10-07,297,True,https://www.discoverlife.org/20/q?search=Melissodes+confusus,https://plants.usda.gov/plant-profile/BIDEN,explicit_source_label,
Melissodes confusus,Apidae,Chrysothamnus,Asteraceae,genus,listed,pollen_host,fowler-central-2020,https://jarrodfowler.com/bees_pollen.html,2026-10-07,297,True,https://www.discoverlife.org/20/q?search=Melissodes+confusus,https://plants.usda.gov/plant-profile/CHRYS9,explicit_source_label,
Melissodes confusus,Apidae,Cirsium,Asteraceae,genus,listed,pollen_host,fowler-central-2020,https://jarrodfowler.com/bees_pollen.html,2026-10-07,297,True,https://www.discoverlife.org/20/q?search=Melissodes+confusus,https://plants.usda.gov/plant-profile/CIRSI,explicit_source_label,
Melissodes confusus,Apidae,Cosmos,Asteraceae,genus,listed,pollen_host,fowler-central-2020,https://jarrodfowler.com/bees_pollen.html,2026-10-07,297,True,https://www.discoverlife.org/20/q?search=Melissodes+confusus,https://plants.usda.gov/plant-profile/COSMO,explicit_source_label,
Melissodes confusus,Apidae,Erigeron,Asteraceae,genus,listed,pollen_host,fowler-central-2020,https://jarrodfowler.com/bees_pollen.html,2026-10-07,297,True,https://www.discoverlife.org/20/q?search=Melissodes+confusus,https://plants.usda.gov/plant-profile/ERIGE2,explicit_source_label,
Melissodes confusus,Apidae,Grindelia,Asteraceae,genus,listed,pollen_host,fowler-central-2020,https://jarrodfowler.com/bees_pollen.html,2026-10-07,297,True,https://www.discoverlife.org/20/q?search=Melissodes+confusus,https://plants.usda.gov/plant-profile/GRIND,explicit_source_label,
Melissodes confusus,Apidae,Gutierrezia,Asteraceae,genus,listed,pollen_host,fowler-central-2020,https://jarrodfowler.com/bees_pollen.html,2026-10-07,297,True,https://www.discoverlife.org/20/q?search=Melissodes+confusus,https://plants.usda.gov/plant-profile/GUTIE,explicit_source_label,
Melissodes confusus,Apidae,Helianthus,Asteraceae,genus,listed,pollen_host,fowler-central-2020,https://jarrodfowler.com/bees_pollen.html,2026-10-07,297,True,https://www.discoverlife.org/20/q?search=Melissodes+confusus,https://plants.usda.gov/plant-profile/HELIA3,explicit_source_label,
Melissodes confusus,Apidae,Heliomeris,Asteraceae,genus,listed,pollen_host,fowler-central-2020,https://jarrodfowler.com/bees_pollen.html,2026-10-07,297,True,https://www.discoverlife.org/20/q?search=Melissodes+confusus,https://plants.usda.gov/plant-profile/HELIO4,explicit_source_label,
Melissodes confusus,Apidae,Heliopsis,Asteraceae,genus,listed,pollen_host,fowler-central-2020,https://jarrodfowler.com/bees_pollen.html,2026-10-07,297,True,https://www.discoverlife.org/20/q?search=Melissodes+confusus,https://plants.usda.gov/plant-profile/HELIO2,explicit_source_label,
Melissodes confusus,Apidae,Heterotheca,Asteraceae,genus,listed,pollen_host,fowler-central-2020,https://jarrodfowler.com/bees_pollen.html,2026-10-07,297,True,https://www.discoverlife.org/20/q?search=Melissodes+confusus,https://plants.usda.gov/plant-profile/HETER8,explicit_source_label,
Melissodes confusus,Apidae,Hymenoxys,Asteraceae,genus,listed,pollen_host,fowler-central-2020,https://jarrodfowler.com/bees_pollen.html,2026-10-07,297,True,https://www.discoverlife.org/20/q?search=Melissodes+confusus,https://plants.usda.gov/plant-profile/HYMEN7,explicit_source_label,
Melissodes confusus,Apidae,Pericome,Asteraceae,genus,listed,pollen_host,fowler-central-2020,https://jarrodfowler.com/bees_pollen.html,2026-10-07,297,True,https://www.discoverlife.org/20/q?search=Melissodes+confusus,https://plants.usda.gov/plant-profile/PERIC,explicit_source_label,
Melissodes confusus,Apidae,Pyrrocoma,Asteraceae,genus,listed,pollen_host,fowler-central-2020,https://jarrodfowler.com/bees_pollen.html,2026-10-07,297,True,https://www.discoverlife.org/20/q?search=Melissodes+confusus,https://plants.usda.gov/plant-profile/PYRRO,explicit_source_label,
Melissodes confusus,Apidae,Rudbeckia,Asteraceae,genus,listed,pollen_host,fowler-central-2020,https://jarrodfowler.com/bees_pollen.html,2026-10-07,297,True,https://www.discoverlife.org/20/q?search=Melissodes+confusus,https://plants.usda.gov/plant-profile/RUDBE,explicit_source_label,
Melissodes confusus,Apidae,Senecio,Asteraceae,genus,listed,pollen_host,fowler-central-2020,https://jarrodfowler.com/bees_pollen.html,2026-10-07,297,True,https://www.discoverlife.org/20/q?search=Melissodes+confusus,https://plants.usda.gov/plant-profile/SENEC,explicit_source_label,
Melissodes confusus,Apidae,Simsia,Asteraceae,genus,listed,pollen_host,fowler-central-2020,https://jarrodfowler.com/bees_pollen.html,2026-10-07,297,True,https://www.discoverlife.org/20/q?search=Melissodes+confusus,https://plants.usda.gov/plant-profile/SIMSI,explicit_source_label,
Melissodes confusus,Apidae,Symphyotrichum,Asteraceae,genus,listed,pollen_host,fowler-central-2020,https://jarrodfowler.com/bees_pollen.html,2026-10-07,297,True,https://www.discoverlife.org/20/q?search=Melissodes+confusus,https://plants.usda.gov/plant-profile/SYMPH4,explicit_source_label,
Melissodes coreopsis,Apidae,Cirsium,Asteraceae,genus,listed,pollen_host,fowler-central-2020,https://jarrodfowler.com/bees_pollen.html,2026-10-07,298,True,https://www.discoverlife.org/20/q?search=Melissodes+coreopsis,https://plants.usda.gov/plant-profile/CIRSI,explicit_source_label,
Melissodes coreopsis,Apidae,Coreopsis,Asteraceae,genus,listed,pollen_host,fowler-central-2020,https://jarrodfowler.com/bees_pollen.html,2026-10-07,298,True,https://www.discoverlife.org/20/q?search=Melissodes+coreopsis,https://plants.usda.gov/plant-profile/COREO2,explicit_source_label,
Melissodes coreopsis,Apidae,Echinacea,Asteraceae,genus,listed,pollen_host,fowler-central-2020,https://jarrodfowler.com/bees_pollen.html,2026-10-07,298,True,https://www.discoverlife.org/20/q?search=Melissodes+coreopsis,https://plants.usda.gov/plant-profile/ECHIN,explicit_source_label,
Melissodes coreopsis,Apidae,Erigeron,Asteraceae,genus,listed,pollen_host,fowler-central-2020,https://jarrodfowler.com/bees_pollen.html,2026-10-07,298,True,https://www.discoverlife.org/20/q?search=Melissodes+coreopsis,https://plants.usda.gov/plant-profile/ERIGE2,explicit_source_label,
Melissodes coreopsis,Apidae,Gaillardia,Asteraceae,genus,listed,pollen_host,fowler-central-2020,https://jarrodfowler.com/bees_pollen.html,2026-10-07,298,True,https://www.discoverlife.org/20/q?search=Melissodes+coreopsis,https://plants.usda.gov/plant-profile/GAILL,explicit_source_label,
Melissodes coreopsis,Apidae,Grindelia,Asteraceae,genus,listed,pollen_host,fowler-central-2020,https://jarrodfowler.com/bees_pollen.html,2026-10-07,298,True,https://www.discoverlife.org/20/q?search=Melissodes+coreopsis,https://plants.usda.gov/plant-profile/GRIND,explicit_source_label,
Melissodes coreopsis,Apidae,Gutierrezia,Asteraceae,genus,listed,pollen_host,fowler-central-2020,https://jarrodfowler.com/bees_pollen.html,2026-10-07,298,True,https://www.discoverlife.org/20/q?search=Melissodes+coreopsis,https://plants.usda.gov/plant-profile/GUTIE,explicit_source_label,
Melissodes coreopsis,Apidae,Helianthus,Asteraceae,genus,listed,pollen_host,fowler-central-2020,https://jarrodfowler.com/bees_pollen.html,2026-10-07,298,True,https://www.discoverlife.org/20/q?search=Melissodes+coreopsis,https://plants.usda.gov/plant-profile/HELIA3,explicit_source_label,
Melissodes coreopsis,Apidae,Heterotheca,Asteraceae,genus,listed,pollen_host,fowler-central-2020,https://jarrodfowler.com/bees_pollen.html,2026-10-07,298,True,https://www.discoverlife.org/20/q?search=Melissodes+coreopsis,https://plants.usda.gov/plant-profile/HETER8,explicit_source_label,
Melissodes coreopsis,Apidae,Machaeranthera,Asteraceae,genus,listed,pollen_host,fowler-central-2020,https://jarrodfowler.com/bees_pollen.html,2026-10-07,298,True,https://www.discoverlife.org/20/q?search=Melissodes+coreopsis,https://plants.usda.gov/plant-profile/MACHA,explicit_source_label,
Melissodes coreopsis,Apidae,Ratibida,Asteraceae,genus,listed,pollen_host,fowler-central-2020,https://jarrodfowler.com/bees_pollen.html,2026-10-07,298,True,https://www.discoverlife.org/20/q?search=Melissodes+coreopsis,https://plants.usda.gov/plant-profile/RATIB,explicit_source_label,
Melissodes coreopsis,Apidae,Solidago,Asteraceae,genus,listed,pollen_host,fowler-central-2020,https://jarrodfowler.com/bees_pollen.html,2026-10-07,298,True,https://www.discoverlife.org/20/q?search=Melissodes+coreopsis,https://plants.usda.gov/plant-profile/SOLID,explicit_source_label,
Melissodes coreopsis,Apidae,Symphyotrichum,Asteraceae,genus,listed,pollen_host,fowler-central-2020,https://jarrodfowler.com/bees_pollen.html,2026-10-07,298,True,https://www.discoverlife.org/20/q?search=Melissodes+coreopsis,https://plants.usda.gov/plant-profile/SYMPH4,explicit_source_label,
Melissodes coreopsis,Apidae,Verbesina,Asteraceae,genus,listed,pollen_host,fowler-central-2020,https://jarrodfowler.com/bees_pollen.html,2026-10-07,298,True,https://www.discoverlife.org/20/q?search=Melissodes+coreopsis,https://plants.usda.gov/plant-profile/VERBE2,explicit_source_label,
Melissodes dentiventris,Apidae,Bidens,Asteraceae,genus,listed,pollen_host,fowler-central-2020,https://jarrodfowler.com/bees_pollen.html,2026-10-07,300,True,https://www.discoverlife.org/20/q?search=Melissodes+dentiventris,https://plants.usda.gov/plant-profile/BIDEN,explicit_source_label,
Melissodes dentiventris,Apidae,Chrysopsis,Asteraceae,genus,listed,pollen_host,fowler-central-2020,https://jarrodfowler.com/bees_pollen.html,2026-10-07,300,True,https://www.discoverlife.org/20/q?search=Melissodes+dentiventris,http://plants.usda.gov/plant-profile/CHRYS7,explicit_source_label,
Melissodes dentiventris,Apidae,Coreopsis,Asteraceae,genus,listed,pollen_host,fowler-central-2020,https://jarrodfowler.com/bees_pollen.html,2026-10-07,300,True,https://www.discoverlife.org/20/q?search=Melissodes+dentiventris,https://plants.usda.gov/plant-profile/COREO2,explicit_source_label,
Melissodes dentiventris,Apidae,Helianthus,Asteraceae,genus,listed,pollen_host,fowler-central-2020,https://jarrodfowler.com/bees_pollen.html,2026-10-07,300,True,https://www.discoverlife.org/20/q?search=Melissodes+dentiventris,https://plants.usda.gov/plant-profile/HELIA3,explicit_source_label,
Melissodes dentiventris,Apidae,Pityopsis,Asteraceae,genus,listed,pollen_host,fowler-central-2020,https://jarrodfowler.com/bees_pollen.html,2026-10-07,300,True,https://www.discoverlife.org/20/q?search=Melissodes+dentiventris,http://plants.usda.gov/plant-profile/PITYO2,explicit_source_label,
Melissodes dentiventris,Apidae,Solidago,Asteraceae,genus,listed,pollen_host,fowler-central-2020,https://jarrodfowler.com/bees_pollen.html,2026-10-07,300,True,https://www.discoverlife.org/20/q?search=Melissodes+dentiventris,https://plants.usda.gov/plant-profile/SOLID,explicit_source_label,
Melissodes dentiventris,Apidae,Symphyotrichum,Asteraceae,genus,listed,pollen_host,fowler-central-2020,https://jarrodfowler.com/bees_pollen.html,2026-10-07,300,True,https://www.discoverlife.org/20/q?search=Melissodes+dentiventris,https://plants.usda.gov/plant-profile/SYMPH4,explicit_source_label,
Melissodes dentiventris,Apidae,Verbesina,Asteraceae,genus,listed,pollen_host,fowler-central-2020,https://jarrodfowler.com/bees_pollen.html,2026-10-07,300,True,https://www.discoverlife.org/20/q?search=Melissodes+dentiventris,https://plants.usda.gov/plant-profile/VERBE2,explicit_source_label,
Melissodes dentiventris,Apidae,Vernonia,Asteraceae,genus,listed,pollen_host,fowler-central-2020,https://jarrodfowler.com/bees_pollen.html,2026-10-07,300,True,https://www.discoverlife.org/20/q?search=Melissodes+dentiventris,https://plants.usda.gov/plant-profile/VERNO,explicit_source_label,
Melissodes fimbriatus,Apidae,Oenothera,,genus,listed,pollen_host,fowler-central-2020,https://jarrodfowler.com/bees_pollen.html,2026-10-07,303,True,https://www.discoverlife.org/20/q?search=Melissodes+fimbriatus,https://plants.usda.gov/plant-profile/OENOT,not_stated,
Melissodes fumosus,Apidae,Chrysopsis,Asteraceae,genus,listed,pollen_host,fowler-central-2020,https://jarrodfowler.com/bees_pollen.html,2026-10-07,304,True,https://www.discoverlife.org/20/q?search=Melissodes+fumosus,http://plants.usda.gov/plant-profile/CHRYS7,explicit_source_label,
Melissodes fumosus,Apidae,Pityopsis,Asteraceae,genus,listed,pollen_host,fowler-central-2020,https://jarrodfowler.com/bees_pollen.html,2026-10-07,304,True,https://www.discoverlife.org/20/q?search=Melissodes+fumosus,http://plants.usda.gov/plant-profile/PITYO2,explicit_source_label,
Melissodes fumosus,Apidae,Solidago,Asteraceae,genus,listed,pollen_host,fowler-central-2020,https://jarrodfowler.com/bees_pollen.html,2026-10-07,304,True,https://www.discoverlife.org/20/q?search=Melissodes+fumosus,https://plants.usda.gov/plant-profile/SOLID,explicit_source_label,
Melissodes gelidus,Apidae,Helianthus,Asteraceae,genus,listed,pollen_host,fowler-central-2020,https://jarrodfowler.com/bees_pollen.html,2026-10-07,305,True,https://www.discoverlife.org/20/q?search=Melissodes+gelidus,https://plants.usda.gov/plant-profile/HELIA3,explicit_source_label,
Melissodes grindeliae,Apidae,Coreopsis,Asteraceae,genus,listed,pollen_host,fowler-central-2020,https://jarrodfowler.com/bees_pollen.html,2026-10-07,307,True,https://www.discoverlife.org/20/q?search=Melissodes+grindeliae,https://plants.usda.gov/plant-profile/COREO2,explicit_source_label,
Melissodes grindeliae,Apidae,Erigeron,Asteraceae,genus,listed,pollen_host,fowler-central-2020,https://jarrodfowler.com/bees_pollen.html,2026-10-07,307,True,https://www.discoverlife.org/20/q?search=Melissodes+grindeliae,https://plants.usda.gov/plant-profile/ERIGE2,explicit_source_label,
Melissodes grindeliae,Apidae,Grindelia,Asteraceae,genus,listed,pollen_host,fowler-central-2020,https://jarrodfowler.com/bees_pollen.html,2026-10-07,307,True,https://www.discoverlife.org/20/q?search=Melissodes+grindeliae,https://plants.usda.gov/plant-profile/GRIND,explicit_source_label,
Melissodes grindeliae,Apidae,Heterotheca,Asteraceae,genus,listed,pollen_host,fowler-central-2020,https://jarrodfowler.com/bees_pollen.html,2026-10-07,307,True,https://www.discoverlife.org/20/q?search=Melissodes+grindeliae,https://plants.usda.gov/plant-profile/HETER8,explicit_source_label,
Melissodes grindeliae,Apidae,Hymenoxys,Asteraceae,genus,listed,pollen_host,fowler-central-2020,https://jarrodfowler.com/bees_pollen.html,2026-10-07,307,True,https://www.discoverlife.org/20/q?search=Melissodes+grindeliae,https://plants.usda.gov/plant-profile/HYMEN7,explicit_source_label,
Melissodes grindeliae,Apidae,Ratibida,Asteraceae,genus,listed,pollen_host,fowler-central-2020,https://jarrodfowler.com/bees_pollen.html,2026-10-07,307,True,https://www.discoverlife.org/20/q?search=Melissodes+grindeliae,https://plants.usda.gov/plant-profile/RATIB,explicit_source_label,
Melissodes grindeliae,Apidae,Senecio,Asteraceae,genus,listed,pollen_host,fowler-central-2020,https://jarrodfowler.com/bees_pollen.html,2026-10-07,307,True,https://www.discoverlife.org/20/q?search=Melissodes+grindeliae,https://plants.usda.gov/plant-profile/SENEC,explicit_source_label,
Melissodes humilior,Apidae,Baileya,Asteraceae,genus,listed,pollen_host,fowler-central-2020,https://jarrodfowler.com/bees_pollen.html,2026-10-07,308,True,https://www.discoverlife.org/20/q?search=Melissodes+humilior,https://plants.usda.gov/plant-profile/BAILE,explicit_source_label,
Melissodes humilior,Apidae,Gutierrezia,Asteraceae,genus,listed,pollen_host,fowler-central-2020,https://jarrodfowler.com/bees_pollen.html,2026-10-07,308,True,https://www.discoverlife.org/20/q?search=Melissodes+humilior,https://plants.usda.gov/plant-profile/GUTIE,explicit_source_label,
Melissodes humilior,Apidae,Helenium,Asteraceae,genus,listed,pollen_host,fowler-central-2020,https://jarrodfowler.com/bees_pollen.html,2026-10-07,308,True,https://www.discoverlife.org/20/q?search=Melissodes+humilior,https://plants.usda.gov/plant-profile/HELEN,explicit_source_label,
Melissodes humilior,Apidae,Helianthus,Asteraceae,genus,listed,pollen_host,fowler-central-2020,https://jarrodfowler.com/bees_pollen.html,2026-10-07,308,True,https://www.discoverlife.org/20/q?search=Melissodes+humilior,https://plants.usda.gov/plant-profile/HELIA3,explicit_source_label,
Melissodes humilior,Apidae,Heterotheca,Asteraceae,genus,listed,pollen_host,fowler-central-2020,https://jarrodfowler.com/bees_pollen.html,2026-10-07,308,True,https://www.discoverlife.org/20/q?search=Melissodes+humilior,https://plants.usda.gov/plant-profile/HETER8,explicit_source_label,
Melissodes humilior,Apidae,Isocoma,Asteraceae,genus,listed,pollen_host,fowler-central-2020,https://jarrodfowler.com/bees_pollen.html,2026-10-07,308,True,https://www.discoverlife.org/20/q?search=Melissodes+humilior,https://plants.usda.gov/plant-profile/ISOCO,explicit_source_label,
Melissodes humilior,Apidae,Machaeranthera,Asteraceae,genus,listed,pollen_host,fowler-central-2020,https://jarrodfowler.com/bees_pollen.html,2026-10-07,308,True,https://www.discoverlife.org/20/q?search=Melissodes+humilior,https://plants.usda.gov/plant-profile/MACHA,explicit_source_label,
Melissodes humilior,Apidae,Senecio,Asteraceae,genus,listed,pollen_host,fowler-central-2020,https://jarrodfowler.com/bees_pollen.html,2026-10-07,308,True,https://www.discoverlife.org/20/q?search=Melissodes+humilior,https://plants.usda.gov/plant-profile/SENEC,explicit_source_label,
Melissodes humilior,Apidae,Viguiera,Asteraceae,genus,listed,pollen_host,fowler-central-2020,https://jarrodfowler.com/bees_pollen.html,2026-10-07,308,True,https://www.discoverlife.org/20/q?search=Melissodes+humilior,https://plants.usda.gov/plant-profile/VIGUI,explicit_source_label,
Melissodes illatus,Apidae,Baccharis,Asteraceae,genus,listed,pollen_host,fowler-central-2020,https://jarrodfowler.com/bees_pollen.html,2026-10-07,309,True,https://www.discoverlife.org/20/q?search=Melissodes+illatus,https://plants.usda.gov/plant-profile/BACCH,explicit_source_label,
Melissodes illatus,Apidae,Bidens,Asteraceae,genus,listed,pollen_host,fowler-central-2020,https://jarrodfowler.com/bees_pollen.html,2026-10-07,309,True,https://www.discoverlife.org/20/q?search=Melissodes+illatus,https://plants.usda.gov/plant-profile/BIDEN,explicit_source_label,
Melissodes illatus,Apidae,Cirsium,Asteraceae,genus,listed,pollen_host,fowler-central-2020,https://jarrodfowler.com/bees_pollen.html,2026-10-07,309,True,https://www.discoverlife.org/20/q?search=Melissodes+illatus,https://plants.usda.gov/plant-profile/CIRSI,explicit_source_label,
Melissodes illatus,Apidae,Coreopsis,Asteraceae,genus,listed,pollen_host,fowler-central-2020,https://jarrodfowler.com/bees_pollen.html,2026-10-07,309,True,https://www.discoverlife.org/20/q?search=Melissodes+illatus,https://plants.usda.gov/plant-profile/COREO2,explicit_source_label,
Melissodes illatus,Apidae,Cosmos,Asteraceae,genus,listed,pollen_host,fowler-central-2020,https://jarrodfowler.com/bees_pollen.html,2026-10-07,309,True,https://www.discoverlife.org/20/q?search=Melissodes+illatus,https://plants.usda.gov/plant-profile/COSMO,explicit_source_label,
Melissodes illatus,Apidae,Erigeron,Asteraceae,genus,listed,pollen_host,fowler-central-2020,https://jarrodfowler.com/bees_pollen.html,2026-10-07,309,True,https://www.discoverlife.org/20/q?search=Melissodes+illatus,https://plants.usda.gov/plant-profile/ERIGE2,explicit_source_label,
Melissodes illatus,Apidae,Gaillardia,Asteraceae,genus,listed,pollen_host,fowler-central-2020,https://jarrodfowler.com/bees_pollen.html,2026-10-07,309,True,https://www.discoverlife.org/20/q?search=Melissodes+illatus,https://plants.usda.gov/plant-profile/GAILL,explicit_source_label,
Melissodes illatus,Apidae,Grindelia,Asteraceae,genus,listed,pollen_host,fowler-central-2020,https://jarrodfowler.com/bees_pollen.html,2026-10-07,309,True,https://www.discoverlife.org/20/q?search=Melissodes+illatus,https://plants.usda.gov/plant-profile/GRIND,explicit_source_label,
Melissodes illatus,Apidae,Haplopappus,Asteraceae,genus,listed,pollen_host,fowler-central-2020,https://jarrodfowler.com/bees_pollen.html,2026-10-07,309,True,https://www.discoverlife.org/20/q?search=Melissodes+illatus,https://plants.usda.gov/plant-profile/HAPLO11,explicit_source_label,
Melissodes illatus,Apidae,Helenium,Asteraceae,genus,listed,pollen_host,fowler-central-2020,https://jarrodfowler.com/bees_pollen.html,2026-10-07,309,True,https://www.discoverlife.org/20/q?search=Melissodes+illatus,https://plants.usda.gov/plant-profile/HELEN,explicit_source_label,
Melissodes illatus,Apidae,Helianthus,Asteraceae,genus,listed,pollen_host,fowler-central-2020,https://jarrodfowler.com/bees_pollen.html,2026-10-07,309,True,https://www.discoverlife.org/20/q?search=Melissodes+illatus,https://plants.usda.gov/plant-profile/HELIA3,explicit_source_label,
Melissodes illatus,Apidae,Heliopsis,Asteraceae,genus,listed,pollen_host,fowler-central-2020,https://jarrodfowler.com/bees_pollen.html,2026-10-07,309,True,https://www.discoverlife.org/20/q?search=Melissodes+illatus,https://plants.usda.gov/plant-profile/HELIO2,explicit_source_label,
Melissodes illatus,Apidae,Hieracium,Asteraceae,genus,listed,pollen_host,fowler-central-2020,https://jarrodfowler.com/bees_pollen.html,2026-10-07,309,True,https://www.discoverlife.org/20/q?search=Melissodes+illatus,https://plants.usda.gov/plant-profile/HIERA,explicit_source_label,
Melissodes illatus,Apidae,Plectocephalus,Asteraceae,genus,listed,pollen_host,fowler-central-2020,https://jarrodfowler.com/bees_pollen.html,2026-10-07,309,True,https://www.discoverlife.org/20/q?search=Melissodes+illatus,https://plants.usda.gov/plant-profile/CENTA,explicit_source_label,
Melissodes illatus,Apidae,Ratibida,Asteraceae,genus,listed,pollen_host,fowler-central-2020,https://jarrodfowler.com/bees_pollen.html,2026-10-07,309,True,https://www.discoverlife.org/20/q?search=Melissodes+illatus,https://plants.usda.gov/plant-profile/RATIB,explicit_source_label,
Melissodes illatus,Apidae,Rudbeckia,Asteraceae,genus,listed,pollen_host,fowler-central-2020,https://jarrodfowler.com/bees_pollen.html,2026-10-07,309,True,https://www.discoverlife.org/20/q?search=Melissodes+illatus,https://plants.usda.gov/plant-profile/RUDBE,explicit_source_label,
Melissodes illatus,Apidae,Silphium,Asteraceae,genus,listed,pollen_host,fowler-central-2020,https://jarrodfowler.com/bees_pollen.html,2026-10-07,309,True,https://www.discoverlife.org/20/q?search=Melissodes+illatus,https://plants.usda.gov/plant-profile/SILPH,explicit_source_label,
Melissodes illatus,Apidae,Verbesina,Asteraceae,genus,listed,pollen_host,fowler-central-2020,https://jarrodfowler.com/bees_pollen.html,2026-10-07,309,True,https://www.discoverlife.org/20/q?search=Melissodes+illatus,https://plants.usda.gov/plant-profile/VERBE2,explicit_source_label,
Melissodes illatus,Apidae,Vernonia,Asteraceae,genus,listed,pollen_host,fowler-central-2020,https://jarrodfowler.com/bees_pollen.html,2026-10-07,309,True,https://www.discoverlife.org/20/q?search=Melissodes+illatus,https://plants.usda.gov/plant-profile/VERNO,explicit_source_label,
Melissodes illatus,Apidae,Xanthisma,Asteraceae,genus,listed,pollen_host,fowler-central-2020,https://jarrodfowler.com/bees_pollen.html,2026-10-07,309,True,https://www.discoverlife.org/20/q?search=Melissodes+illatus,https://plants.usda.gov/plant-profile/XANTH,explicit_source_label,
Melissodes intortus,Apidae,Callirhoe,,genus,listed,pollen_host,fowler-central-2020,https://jarrodfowler.com/bees_pollen.html,2026-10-07,310,True,https://www.discoverlife.org/20/q?search=Melissodes+intortus,https://plants.usda.gov/plant-profile/CALLI3,not_stated,
Melissodes limbus,Apidae,Baileya,Asteraceae,genus,listed,pollen_host,fowler-central-2020,https://jarrodfowler.com/bees_pollen.html,2026-10-07,311,True,https://www.discoverlife.org/20/q?search=Melissodes+limbus,https://plants.usda.gov/plant-profile/BAILE,explicit_source_label,
Melissodes limbus,Apidae,Flaveria,Asteraceae,genus,listed,pollen_host,fowler-central-2020,https://jarrodfowler.com/bees_pollen.html,2026-10-07,311,True,https://www.discoverlife.org/20/q?search=Melissodes+limbus,https://plants.usda.gov/plant-profile/FLAVE,explicit_source_label,
Melissodes limbus,Apidae,Gutierrezia,Asteraceae,genus,listed,pollen_host,fowler-central-2020,https://jarrodfowler.com/bees_pollen.html,2026-10-07,311,True,https://www.discoverlife.org/20/q?search=Melissodes+limbus,https://plants.usda.gov/plant-profile/GUTIE,explicit_source_label,
Melissodes limbus,Apidae,Helianthus,Asteraceae,genus,listed,pollen_host,fowler-central-2020,https://jarrodfowler.com/bees_pollen.html,2026-10-07,311,True,https://www.discoverlife.org/20/q?search=Melissodes+limbus,https://plants.usda.gov/plant-profile/HELIA3,explicit_source_label,
Melissodes limbus,Apidae,Heterotheca,Asteraceae,genus,listed,pollen_host,fowler-central-2020,https://jarrodfowler.com/bees_pollen.html,2026-10-07,311,True,https://www.discoverlife.org/20/q?search=Melissodes+limbus,https://plants.usda.gov/plant-profile/HETER8,explicit_source_label,
Melissodes limbus,Apidae,Hymenoxys,Asteraceae,genus,listed,pollen_host,fowler-central-2020,https://jarrodfowler.com/bees_pollen.html,2026-10-07,311,True,https://www.discoverlife.org/20/q?search=Melissodes+limbus,https://plants.usda.gov/plant-profile/HYMEN7,explicit_source_label,
Melissodes limbus,Apidae,Pectis,Asteraceae,genus,listed,pollen_host,fowler-central-2020,https://jarrodfowler.com/bees_pollen.html,2026-10-07,311,True,https://www.discoverlife.org/20/q?search=Melissodes+limbus,https://plants.usda.gov/plant-profile/PECTI,explicit_source_label,
Melissodes limbus,Apidae,Pityopsis,Asteraceae,genus,listed,pollen_host,fowler-central-2020,https://jarrodfowler.com/bees_pollen.html,2026-10-07,311,True,https://www.discoverlife.org/20/q?search=Melissodes+limbus,http://plants.usda.gov/plant-profile/PITYO2,explicit_source_label,
Melissodes limbus,Apidae,Solidago,Asteraceae,genus,listed,pollen_host,fowler-central-2020,https://jarrodfowler.com/bees_pollen.html,2026-10-07,311,True,https://www.discoverlife.org/20/q?search=Melissodes+limbus,https://plants.usda.gov/plant-profile/SOLID,explicit_source_label,
Melissodes limbus,Apidae,Symphyotrichum,Asteraceae,genus,listed,pollen_host,fowler-central-2020,https://jarrodfowler.com/bees_pollen.html,2026-10-07,311,True,https://www.discoverlife.org/20/q?search=Melissodes+limbus,https://plants.usda.gov/plant-profile/SYMPH4,explicit_source_label,
Melissodes limbus,Apidae,Verbesina,Asteraceae,genus,listed,pollen_host,fowler-central-2020,https://jarrodfowler.com/bees_pollen.html,2026-10-07,311,True,https://www.discoverlife.org/20/q?search=Melissodes+limbus,https://plants.usda.gov/plant-profile/VERBE2,explicit_source_label,
Melissodes limbus,Apidae,Xanthisma,Asteraceae,genus,listed,pollen_host,fowler-central-2020,https://jarrodfowler.com/bees_pollen.html,2026-10-07,311,True,https://www.discoverlife.org/20/q?search=Melissodes+limbus,https://plants.usda.gov/plant-profile/XANTH,explicit_source_label,
Melissodes lupinus,Apidae,Bidens,Asteraceae,genus,listed,pollen_host,fowler-central-2020,https://jarrodfowler.com/bees_pollen.html,2026-10-07,312,True,https://www.discoverlife.org/20/q?search=Melissodes+lupinus,https://plants.usda.gov/plant-profile/BIDEN,explicit_source_label,
Melissodes lupinus,Apidae,Cirsium,Asteraceae,genus,listed,pollen_host,fowler-central-2020,https://jarrodfowler.com/bees_pollen.html,2026-10-07,312,True,https://www.discoverlife.org/20/q?search=Melissodes+lupinus,https://plants.usda.gov/plant-profile/CIRSI,explicit_source_label,
Melissodes lupinus,Apidae,Encelia,Asteraceae,genus,listed,pollen_host,fowler-central-2020,https://jarrodfowler.com/bees_pollen.html,2026-10-07,312,True,https://www.discoverlife.org/20/q?search=Melissodes+lupinus,https://plants.usda.gov/plant-profile/ENCEL,explicit_source_label,
Melissodes lupinus,Apidae,Ericameria,Asteraceae,genus,listed,pollen_host,fowler-central-2020,https://jarrodfowler.com/bees_pollen.html,2026-10-07,312,True,https://www.discoverlife.org/20/q?search=Melissodes+lupinus,https://plants.usda.gov/plant-profile/ERICA2,explicit_source_label,
Melissodes lupinus,Apidae,Erigeron,Asteraceae,genus,listed,pollen_host,fowler-central-2020,https://jarrodfowler.com/bees_pollen.html,2026-10-07,312,True,https://www.discoverlife.org/20/q?search=Melissodes+lupinus,https://plants.usda.gov/plant-profile/ERIGE2,explicit_source_label,
Melissodes lupinus,Apidae,Grindelia,Asteraceae,genus,listed,pollen_host,fowler-central-2020,https://jarrodfowler.com/bees_pollen.html,2026-10-07,312,True,https://www.discoverlife.org/20/q?search=Melissodes+lupinus,https://plants.usda.gov/plant-profile/GRIND,explicit_source_label,
Melissodes lupinus,Apidae,Helianthus,Asteraceae,genus,listed,pollen_host,fowler-central-2020,https://jarrodfowler.com/bees_pollen.html,2026-10-07,312,True,https://www.discoverlife.org/20/q?search=Melissodes+lupinus,https://plants.usda.gov/plant-profile/HELIA3,explicit_source_label,
Melissodes lupinus,Apidae,Hemizonia,Asteraceae,genus,listed,pollen_host,fowler-central-2020,https://jarrodfowler.com/bees_pollen.html,2026-10-07,312,True,https://www.discoverlife.org/20/q?search=Melissodes+lupinus,https://plants.usda.gov/plant-profile/HEMIZ,explicit_source_label,
Melissodes lupinus,Apidae,Heterotheca,Asteraceae,genus,listed,pollen_host,fowler-central-2020,https://jarrodfowler.com/bees_pollen.html,2026-10-07,312,True,https://www.discoverlife.org/20/q?search=Melissodes+lupinus,https://plants.usda.gov/plant-profile/HETER8,explicit_source_label,
Melissodes lupinus,Apidae,Holocarpha,Asteraceae,genus,listed,pollen_host,fowler-central-2020,https://jarrodfowler.com/bees_pollen.html,2026-10-07,312,True,https://www.discoverlife.org/20/q?search=Melissodes+lupinus,https://plants.usda.gov/plant-profile/HOLOC,explicit_source_label,
Melissodes lupinus,Apidae,Plectocephalus,Asteraceae,genus,listed,pollen_host,fowler-central-2020,https://jarrodfowler.com/bees_pollen.html,2026-10-07,312,True,https://www.discoverlife.org/20/q?search=Melissodes+lupinus,https://plants.usda.gov/plant-profile/CENTA,explicit_source_label,
Melissodes lupinus,Apidae,Solidago,Asteraceae,genus,listed,pollen_host,fowler-central-2020,https://jarrodfowler.com/bees_pollen.html,2026-10-07,312,True,https://www.discoverlife.org/20/q?search=Melissodes+lupinus,https://plants.usda.gov/plant-profile/SOLID,explicit_source_label,
Melissodes lupinus,Apidae,Stephanomeria,Asteraceae,genus,listed,pollen_host,fowler-central-2020,https://jarrodfowler.com/bees_pollen.html,2026-10-07,312,True,https://www.discoverlife.org/20/q?search=Melissodes+lupinus,https://plants.usda.gov/plant-profile/STEPH,explicit_source_label,
Melissodes lupinus,Apidae,Symphyotrichum,Asteraceae,genus,listed,pollen_host,fowler-central-2020,https://jarrodfowler.com/bees_pollen.html,2026-10-07,312,True,https://www.discoverlife.org/20/q?search=Melissodes+lupinus,https://plants.usda.gov/plant-profile/SYMPH4,explicit_source_label,
Melissodes menuachus,Apidae,Erigeron,Asteraceae,genus,listed,pollen_host,fowler-central-2020,https://jarrodfowler.com/bees_pollen.html,2026-10-07,316,True,https://www.discoverlife.org/20/q?search=Melissodes+menuachus,https://plants.usda.gov/plant-profile/ERIGE2,explicit_source_label,
Melissodes menuachus,Apidae,Grindelia,Asteraceae,genus,listed,pollen_host,fowler-central-2020,https://jarrodfowler.com/bees_pollen.html,2026-10-07,316,True,https://www.discoverlife.org/20/q?search=Melissodes+menuachus,https://plants.usda.gov/plant-profile/GRIND,explicit_source_label,
Melissodes menuachus,Apidae,Helianthus,Asteraceae,genus,listed,pollen_host,fowler-central-2020,https://jarrodfowler.com/bees_pollen.html,2026-10-07,316,True,https://www.discoverlife.org/20/q?search=Melissodes+menuachus,https://plants.usda.gov/plant-profile/HELIA3,explicit_source_label,
Melissodes menuachus,Apidae,Heterotheca,Asteraceae,genus,listed,pollen_host,fowler-central-2020,https://jarrodfowler.com/bees_pollen.html,2026-10-07,316,True,https://www.discoverlife.org/20/q?search=Melissodes+menuachus,https://plants.usda.gov/plant-profile/HETER8,explicit_source_label,
Melissodes menuachus,Apidae,Isocoma,Asteraceae,genus,listed,pollen_host,fowler-central-2020,https://jarrodfowler.com/bees_pollen.html,2026-10-07,316,True,https://www.discoverlife.org/20/q?search=Melissodes+menuachus,https://plants.usda.gov/plant-profile/ISOCO,explicit_source_label,
Melissodes menuachus,Apidae,Machaeranthera,Asteraceae,genus,listed,pollen_host,fowler-central-2020,https://jarrodfowler.com/bees_pollen.html,2026-10-07,316,True,https://www.discoverlife.org/20/q?search=Melissodes+menuachus,https://plants.usda.gov/plant-profile/MACHA,explicit_source_label,
Melissodes menuachus,Apidae,Solidago,Asteraceae,genus,listed,pollen_host,fowler-central-2020,https://jarrodfowler.com/bees_pollen.html,2026-10-07,316,True,https://www.discoverlife.org/20/q?search=Melissodes+menuachus,https://plants.usda.gov/plant-profile/SOLID,explicit_source_label,
Melissodes menuachus,Apidae,Symphyotrichum,Asteraceae,genus,listed,pollen_host,fowler-central-2020,https://jarrodfowler.com/bees_pollen.html,2026-10-07,316,True,https://www.discoverlife.org/20/q?search=Melissodes+menuachus,https://plants.usda.gov/plant-profile/SYMPH4,explicit_source_label,
Melissodes menuachus,Apidae,Verbesina,Asteraceae,genus,listed,pollen_host,fowler-central-2020,https://jarrodfowler.com/bees_pollen.html,2026-10-07,316,True,https://www.discoverlife.org/20/q?search=Melissodes+menuachus,https://plants.usda.gov/plant-profile/VERBE2,explicit_source_label,
Melissodes menuachus,Apidae,Viguiera,Asteraceae,genus,listed,pollen_host,fowler-central-2020,https://jarrodfowler.com/bees_pollen.html,2026-10-07,316,True,https://www.discoverlife.org/20/q?search=Melissodes+menuachus,https://plants.usda.gov/plant-profile/VIGUI,explicit_source_label,
Melissodes microstictus,Apidae,Achillea,Asteraceae,genus,listed,pollen_host,fowler-central-2020,https://jarrodfowler.com/bees_pollen.html,2026-10-07,317,True,https://www.discoverlife.org/20/q?search=Melissodes+microstictus,https://plants.usda.gov/plant-profile/ACHIL,explicit_source_label,
Melissodes microstictus,Apidae,Anaphalis,Asteraceae,genus,listed,pollen_host,fowler-central-2020,https://jarrodfowler.com/bees_pollen.html,2026-10-07,317,True,https://www.discoverlife.org/20/q?search=Melissodes+microstictus,https://plants.usda.gov/plant-profile/ANAPH,explicit_source_label,
Melissodes microstictus,Apidae,Antennaria,Asteraceae,genus,listed,pollen_host,fowler-central-2020,https://jarrodfowler.com/bees_pollen.html,2026-10-07,317,True,https://www.discoverlife.org/20/q?search=Melissodes+microstictus,https://plants.usda.gov/plant-profile/ANTEN,explicit_source_label,
Melissodes microstictus,Apidae,Chrysothamnus,Asteraceae,genus,listed,pollen_host,fowler-central-2020,https://jarrodfowler.com/bees_pollen.html,2026-10-07,317,True,https://www.discoverlife.org/20/q?search=Melissodes+microstictus,https://plants.usda.gov/plant-profile/CHRYS9,explicit_source_label,
Melissodes microstictus,Apidae,Cirsium,Asteraceae,genus,listed,pollen_host,fowler-central-2020,https://jarrodfowler.com/bees_pollen.html,2026-10-07,317,True,https://www.discoverlife.org/20/q?search=Melissodes+microstictus,https://plants.usda.gov/plant-profile/CIRSI,explicit_source_label,
Melissodes microstictus,Apidae,Ericameria,Asteraceae,genus,listed,pollen_host,fowler-central-2020,https://jarrodfowler.com/bees_pollen.html,2026-10-07,317,True,https://www.discoverlife.org/20/q?search=Melissodes+microstictus,https://plants.usda.gov/plant-profile/ERICA2,explicit_source_label,
Melissodes microstictus,Apidae,Erigeron,Asteraceae,genus,listed,pollen_host,fowler-central-2020,https://jarrodfowler.com/bees_pollen.html,2026-10-07,317,True,https://www.discoverlife.org/20/q?search=Melissodes+microstictus,https://plants.usda.gov/plant-profile/ERIGE2,explicit_source_label,
Melissodes microstictus,Apidae,Grindelia,Asteraceae,genus,listed,pollen_host,fowler-central-2020,https://jarrodfowler.com/bees_pollen.html,2026-10-07,317,True,https://www.discoverlife.org/20/q?search=Melissodes+microstictus,https://plants.usda.gov/plant-profile/GRIND,explicit_source_label,
Melissodes microstictus,Apidae,Helenium,Asteraceae,genus,listed,pollen_host,fowler-central-2020,https://jarrodfowler.com/bees_pollen.html,2026-10-07,317,True,https://www.discoverlife.org/20/q?search=Melissodes+microstictus,https://plants.usda.gov/plant-profile/HELEN,explicit_source_label,
Melissodes microstictus,Apidae,Helianthus,Asteraceae,genus,listed,pollen_host,fowler-central-2020,https://jarrodfowler.com/bees_pollen.html,2026-10-07,317,True,https://www.discoverlife.org/20/q?search=Melissodes+microstictus,https://plants.usda.gov/plant-profile/HELIA3,explicit_source_label,
Melissodes microstictus,Apidae,Heterotheca,Asteraceae,genus,listed,pollen_host,fowler-central-2020,https://jarrodfowler.com/bees_pollen.html,2026-10-07,317,True,https://www.discoverlife.org/20/q?search=Melissodes+microstictus,https://plants.usda.gov/plant-profile/HETER8,explicit_source_label,
Melissodes microstictus,Apidae,Plectocephalus,Asteraceae,genus,listed,pollen_host,fowler-central-2020,https://jarrodfowler.com/bees_pollen.html,2026-10-07,317,True,https://www.discoverlife.org/20/q?search=Melissodes+microstictus,https://plants.usda.gov/plant-profile/CENTA,explicit_source_label,
Melissodes microstictus,Apidae,Rudbeckia,Asteraceae,genus,listed,pollen_host,fowler-central-2020,https://jarrodfowler.com/bees_pollen.html,2026-10-07,317,True,https://www.discoverlife.org/20/q?search=Melissodes+microstictus,https://plants.usda.gov/plant-profile/RUDBE,explicit_source_label,
Melissodes microstictus,Apidae,Senecio,Asteraceae,genus,listed,pollen_host,fowler-central-2020,https://jarrodfowler.com/bees_pollen.html,2026-10-07,317,True,https://www.discoverlife.org/20/q?search=Melissodes+microstictus,https://plants.usda.gov/plant-profile/SENEC,explicit_source_label,
Melissodes microstictus,Apidae,Solidago,Asteraceae,genus,listed,pollen_host,fowler-central-2020,https://jarrodfowler.com/bees_pollen.html,2026-10-07,317,True,https://www.discoverlife.org/20/q?search=Melissodes+microstictus,https://plants.usda.gov/plant-profile/SOLID,explicit_source_label,
Melissodes microstictus,Apidae,Symphyotrichum,Asteraceae,genus,listed,pollen_host,fowler-central-2020,https://jarrodfowler.com/bees_pollen.html,2026-10-07,317,True,https://www.discoverlife.org/20/q?search=Melissodes+microstictus,https://plants.usda.gov/plant-profile/SYMPH4,explicit_source_label,
Melissodes montanus,Apidae,Bidens,Asteraceae,genus,listed,pollen_host,fowler-central-2020,https://jarrodfowler.com/bees_pollen.html,2026-10-07,318,True,https://www.discoverlife.org/20/q?search=Melissodes+montanus,https://plants.usda.gov/plant-profile/BIDEN,explicit_source_label,
Melissodes montanus,Apidae,Chrysothamnus,Asteraceae,genus,listed,pollen_host,fowler-central-2020,https://jarrodfowler.com/bees_pollen.html,2026-10-07,318,True,https://www.discoverlife.org/20/q?search=Melissodes+montanus,https://plants.usda.gov/plant-profile/CHRYS9,explicit_source_label,
Melissodes montanus,Apidae,Coreopsis,Asteraceae,genus,listed,pollen_host,fowler-central-2020,https://jarrodfowler.com/bees_pollen.html,2026-10-07,318,True,https://www.discoverlife.org/20/q?search=Melissodes+montanus,https://plants.usda.gov/plant-profile/COREO2,explicit_source_label,
Melissodes montanus,Apidae,Erigeron,Asteraceae,genus,listed,pollen_host,fowler-central-2020,https://jarrodfowler.com/bees_pollen.html,2026-10-07,318,True,https://www.discoverlife.org/20/q?search=Melissodes+montanus,https://plants.usda.gov/plant-profile/ERIGE2,explicit_source_label,
Melissodes montanus,Apidae,Gymnosperma,Asteraceae,genus,listed,pollen_host,fowler-central-2020,https://jarrodfowler.com/bees_pollen.html,2026-10-07,318,True,https://www.discoverlife.org/20/q?search=Melissodes+montanus,https://plants.usda.gov/plant-profile/GYMNO6,explicit_source_label,
Melissodes montanus,Apidae,Haplopappus,Asteraceae,genus,listed,pollen_host,fowler-central-2020,https://jarrodfowler.com/bees_pollen.html,2026-10-07,318,True,https://www.discoverlife.org/20/q?search=Melissodes+montanus,https://plants.usda.gov/plant-profile/HAPLO11,explicit_source_label,
Melissodes montanus,Apidae,Heliomeris,Asteraceae,genus,listed,pollen_host,fowler-central-2020,https://jarrodfowler.com/bees_pollen.html,2026-10-07,318,True,https://www.discoverlife.org/20/q?search=Melissodes+montanus,https://plants.usda.gov/plant-profile/HELIO4,explicit_source_label,
Melissodes montanus,Apidae,Heliopsis,Asteraceae,genus,listed,pollen_host,fowler-central-2020,https://jarrodfowler.com/bees_pollen.html,2026-10-07,318,True,https://www.discoverlife.org/20/q?search=Melissodes+montanus,https://plants.usda.gov/plant-profile/HELIO2,explicit_source_label,
Melissodes montanus,Apidae,Machaeranthera,Asteraceae,genus,listed,pollen_host,fowler-central-2020,https://jarrodfowler.com/bees_pollen.html,2026-10-07,318,True,https://www.discoverlife.org/20/q?search=Melissodes+montanus,https://plants.usda.gov/plant-profile/MACHA,explicit_source_label,
Melissodes montanus,Apidae,Porophyllum,Asteraceae,genus,listed,pollen_host,fowler-central-2020,https://jarrodfowler.com/bees_pollen.html,2026-10-07,318,True,https://www.discoverlife.org/20/q?search=Melissodes+montanus,https://plants.usda.gov/plant-profile/POROP,explicit_source_label,
Melissodes montanus,Apidae,Simsia,Asteraceae,genus,listed,pollen_host,fowler-central-2020,https://jarrodfowler.com/bees_pollen.html,2026-10-07,318,True,https://www.discoverlife.org/20/q?search=Melissodes+montanus,https://plants.usda.gov/plant-profile/SIMSI,explicit_source_label,
Melissodes montanus,Apidae,Verbesina,Asteraceae,genus,listed,pollen_host,fowler-central-2020,https://jarrodfowler.com/bees_pollen.html,2026-10-07,318,True,https://www.discoverlife.org/20/q?search=Melissodes+montanus,https://plants.usda.gov/plant-profile/VERBE2,explicit_source_label,
Melissodes montanus,Apidae,Viguiera,Asteraceae,genus,listed,pollen_host,fowler-central-2020,https://jarrodfowler.com/bees_pollen.html,2026-10-07,318,True,https://www.discoverlife.org/20/q?search=Melissodes+montanus,https://plants.usda.gov/plant-profile/VIGUI,explicit_source_label,
Melissodes montanus,Apidae,Xanthocephalum,Asteraceae,genus,listed,pollen_host,fowler-central-2020,https://jarrodfowler.com/bees_pollen.html,2026-10-07,318,True,https://www.discoverlife.org/20/q?search=Melissodes+montanus,https://plants.usda.gov/plant-profile/XANTH6,explicit_source_label,
Melissodes montanus,Apidae,Xylothamia,Asteraceae,genus,listed,pollen_host,fowler-central-2020,https://jarrodfowler.com/bees_pollen.html,2026-10-07,318,True,https://www.discoverlife.org/20/q?search=Melissodes+montanus,https://plants.usda.gov/plant-profile/XYLOT,explicit_source_label,
Melissodes nigracauda,Apidae,Stephanomeria,Asteraceae,genus,listed,pollen_host,fowler-central-2020,https://jarrodfowler.com/bees_pollen.html,2026-10-07,319,True,https://www.discoverlife.org/20/q?search=Melissodes+nigracauda,https://plants.usda.gov/plant-profile/STEPH,explicit_source_label,
Melissodes rivalis,Apidae,Brickellia,Asteraceae,genus,listed,pollen_host,fowler-central-2020,https://jarrodfowler.com/bees_pollen.html,2026-10-07,324,True,https://www.discoverlife.org/20/q?search=Melissodes+rivalis,https://plants.usda.gov/plant-profile/BRICK,explicit_source_label,
Melissodes rivalis,Apidae,Cirsium,Asteraceae,genus,listed,pollen_host,fowler-central-2020,https://jarrodfowler.com/bees_pollen.html,2026-10-07,324,True,https://www.discoverlife.org/20/q?search=Melissodes+rivalis,https://plants.usda.gov/plant-profile/CIRSI,explicit_source_label,
Melissodes rivalis,Apidae,Helianthus,Asteraceae,genus,listed,pollen_host,fowler-central-2020,https://jarrodfowler.com/bees_pollen.html,2026-10-07,324,True,https://www.discoverlife.org/20/q?search=Melissodes+rivalis,https://plants.usda.gov/plant-profile/HELIA3,explicit_source_label,
Melissodes rivalis,Apidae,Plectocephalus,Asteraceae,genus,listed,pollen_host,fowler-central-2020,https://jarrodfowler.com/bees_pollen.html,2026-10-07,324,True,https://www.discoverlife.org/20/q?search=Melissodes+rivalis,https://plants.usda.gov/plant-profile/CENTA,explicit_source_label,
Melissodes saponellus,Apidae,Erigeron,Asteraceae,genus,listed,pollen_host,fowler-central-2020,https://jarrodfowler.com/bees_pollen.html,2026-10-07,325,True,https://www.discoverlife.org/20/q?search=Melissodes+saponellus,https://plants.usda.gov/plant-profile/ERIGE2,explicit_source_label,
Melissodes saponellus,Apidae,Machaeranthera,Asteraceae,genus,listed,pollen_host,fowler-central-2020,https://jarrodfowler.com/bees_pollen.html,2026-10-07,325,True,https://www.discoverlife.org/20/q?search=Melissodes+saponellus,https://plants.usda.gov/plant-profile/MACHA,explicit_source_label,
Melissodes saponellus,Apidae,Symphyotrichum,Asteraceae,genus,listed,pollen_host,fowler-central-2020,https://jarrodfowler.com/bees_pollen.html,2026-10-07,325,True,https://www.discoverlife.org/20/q?search=Melissodes+saponellus,https://plants.usda.gov/plant-profile/SYMPH4,explicit_source_label,
Melissodes semilupinus,Apidae,Chrysothamnus,Asteraceae,genus,listed,pollen_host,fowler-central-2020,https://jarrodfowler.com/bees_pollen.html,2026-10-07,326,True,https://www.discoverlife.org/20/q?search=Melissodes+semilupinus,https://plants.usda.gov/plant-profile/CHRYS9,explicit_source_label,
Melissodes semilupinus,Apidae,Ericameria,Asteraceae,genus,listed,pollen_host,fowler-central-2020,https://jarrodfowler.com/bees_pollen.html,2026-10-07,326,True,https://www.discoverlife.org/20/q?search=Melissodes+semilupinus,https://plants.usda.gov/plant-profile/ERICA2,explicit_source_label,
Melissodes semilupinus,Apidae,Gutierrezia,Asteraceae,genus,listed,pollen_host,fowler-central-2020,https://jarrodfowler.com/bees_pollen.html,2026-10-07,326,True,https://www.discoverlife.org/20/q?search=Melissodes+semilupinus,https://plants.usda.gov/plant-profile/GUTIE,explicit_source_label,
Melissodes semilupinus,Apidae,Helianthus,Asteraceae,genus,listed,pollen_host,fowler-central-2020,https://jarrodfowler.com/bees_pollen.html,2026-10-07,326,True,https://www.discoverlife.org/20/q?search=Melissodes+semilupinus,https://plants.usda.gov/plant-profile/HELIA3,explicit_source_label,
Melissodes semilupinus,Apidae,Machaeranthera,Asteraceae,genus,listed,pollen_host,fowler-central-2020,https://jarrodfowler.com/bees_pollen.html,2026-10-07,326,True,https://www.discoverlife.org/20/q?search=Melissodes+semilupinus,https://plants.usda.gov/plant-profile/MACHA,explicit_source_label,
Melissodes semilupinus,Apidae,Senecio,Asteraceae,genus,listed,pollen_host,fowler-central-2020,https://jarrodfowler.com/bees_pollen.html,2026-10-07,326,True,https://www.discoverlife.org/20/q?search=Melissodes+semilupinus,https://plants.usda.gov/plant-profile/SENEC,explicit_source_label,
Melissodes semilupinus,Apidae,Symphyotrichum,Asteraceae,genus,listed,pollen_host,fowler-central-2020,https://jarrodfowler.com/bees_pollen.html,2026-10-07,326,True,https://www.discoverlife.org/20/q?search=Melissodes+semilupinus,https://plants.usda.gov/plant-profile/SYMPH4,explicit_source_label,
Melissodes subagilis,Apidae,Chrysothamnus,Asteraceae,genus,listed,pollen_host,fowler-central-2020,https://jarrodfowler.com/bees_pollen.html,2026-10-07,328,True,https://www.discoverlife.org/20/q?search=Melissodes+subagilis,https://plants.usda.gov/plant-profile/CHRYS9,explicit_source_label,
Melissodes subagilis,Apidae,Grindelia,Asteraceae,genus,listed,pollen_host,fowler-central-2020,https://jarrodfowler.com/bees_pollen.html,2026-10-07,328,True,https://www.discoverlife.org/20/q?search=Melissodes+subagilis,https://plants.usda.gov/plant-profile/GRIND,explicit_source_label,
Melissodes subagilis,Apidae,Helianthus,Asteraceae,genus,listed,pollen_host,fowler-central-2020,https://jarrodfowler.com/bees_pollen.html,2026-10-07,328,True,https://www.discoverlife.org/20/q?search=Melissodes+subagilis,https://plants.usda.gov/plant-profile/HELIA3,explicit_source_label,
Melissodes subagilis,Apidae,Heterotheca,Asteraceae,genus,listed,pollen_host,fowler-central-2020,https://jarrodfowler.com/bees_pollen.html,2026-10-07,328,True,https://www.discoverlife.org/20/q?search=Melissodes+subagilis,https://plants.usda.gov/plant-profile/HETER8,explicit_source_label,
Melissodes subagilis,Apidae,Isocoma,Asteraceae,genus,listed,pollen_host,fowler-central-2020,https://jarrodfowler.com/bees_pollen.html,2026-10-07,328,True,https://www.discoverlife.org/20/q?search=Melissodes+subagilis,https://plants.usda.gov/plant-profile/ISOCO,explicit_source_label,
Melissodes subagilis,Apidae,Machaeranthera,Asteraceae,genus,listed,pollen_host,fowler-central-2020,https://jarrodfowler.com/bees_pollen.html,2026-10-07,328,True,https://www.discoverlife.org/20/q?search=Melissodes+subagilis,https://plants.usda.gov/plant-profile/MACHA,explicit_source_label,
Melissodes subagilis,Apidae,Pectis,Asteraceae,genus,listed,pollen_host,fowler-central-2020,https://jarrodfowler.com/bees_pollen.html,2026-10-07,328,True,https://www.discoverlife.org/20/q?search=Melissodes+subagilis,https://plants.usda.gov/plant-profile/PECTI,explicit_source_label,
Melissodes subagilis,Apidae,Symphyotrichum,Asteraceae,genus,listed,pollen_host,fowler-central-2020,https://jarrodfowler.com/bees_pollen.html,2026-10-07,328,True,https://www.discoverlife.org/20/q?search=Melissodes+subagilis,https://plants.usda.gov/plant-profile/SYMPH4,explicit_source_label,
Melissodes submenuacha,Apidae,Chrysothamnus,Asteraceae,genus,listed,pollen_host,fowler-central-2020,https://jarrodfowler.com/bees_pollen.html,2026-10-07,330,True,https://www.discoverlife.org/20/q?search=Melissodes+submenuacha,https://plants.usda.gov/plant-profile/CHRYS9,explicit_source_label,
Melissodes submenuacha,Apidae,Encelia,Asteraceae,genus,listed,pollen_host,fowler-central-2020,https://jarrodfowler.com/bees_pollen.html,2026-10-07,330,True,https://www.discoverlife.org/20/q?search=Melissodes+submenuacha,https://plants.usda.gov/plant-profile/ENCEL,explicit_source_label,
Melissodes submenuacha,Apidae,Helianthus,Asteraceae,genus,listed,pollen_host,fowler-central-2020,https://jarrodfowler.com/bees_pollen.html,2026-10-07,330,True,https://www.discoverlife.org/20/q?search=Melissodes+submenuacha,https://plants.usda.gov/plant-profile/HELIA3,explicit_source_label,
Melissodes submenuacha,Apidae,Heliopsis,Asteraceae,genus,listed,pollen_host,fowler-central-2020,https://jarrodfowler.com/bees_pollen.html,2026-10-07,330,True,https://www.discoverlife.org/20/q?search=Melissodes+submenuacha,https://plants.usda.gov/plant-profile/HELIO2,explicit_source_label,
Melissodes submenuacha,Apidae,Verbesina,Asteraceae,genus,listed,pollen_host,fowler-central-2020,https://jarrodfowler.com/bees_pollen.html,2026-10-07,330,True,https://www.discoverlife.org/20/q?search=Melissodes+submenuacha,https://plants.usda.gov/plant-profile/VERBE2,explicit_source_label,
Melissodes tinctus,Apidae,Chrysopsis,Asteraceae,genus,listed,pollen_host,fowler-central-2020,https://jarrodfowler.com/bees_pollen.html,2026-10-07,331,True,https://www.discoverlife.org/20/q?search=Melissodes+tinctus,http://plants.usda.gov/plant-profile/CHRYS7,explicit_source_label,
Melissodes tinctus,Apidae,Helianthus,Asteraceae,genus,listed,pollen_host,fowler-central-2020,https://jarrodfowler.com/bees_pollen.html,2026-10-07,331,True,https://www.discoverlife.org/20/q?search=Melissodes+tinctus,https://plants.usda.gov/plant-profile/HELIA3,explicit_source_label,
Melissodes tinctus,Apidae,Symphyotrichum,Asteraceae,genus,listed,pollen_host,fowler-central-2020,https://jarrodfowler.com/bees_pollen.html,2026-10-07,331,True,https://www.discoverlife.org/20/q?search=Melissodes+tinctus,https://plants.usda.gov/plant-profile/SYMPH4,explicit_source_label,
Melissodes tinctus,Apidae,Verbesina,Asteraceae,genus,listed,pollen_host,fowler-central-2020,https://jarrodfowler.com/bees_pollen.html,2026-10-07,331,True,https://www.discoverlife.org/20/q?search=Melissodes+tinctus,https://plants.usda.gov/plant-profile/VERBE2,explicit_source_label,
Melissodes trinodis,Apidae,Coreopsis,Asteraceae,genus,listed,pollen_host,fowler-central-2020,https://jarrodfowler.com/bees_pollen.html,2026-10-07,332,True,https://www.discoverlife.org/20/q?search=Melissodes+trinodis,https://plants.usda.gov/plant-profile/COREO2,explicit_source_label,
Melissodes trinodis,Apidae,Grindelia,Asteraceae,genus,listed,pollen_host,fowler-central-2020,https://jarrodfowler.com/bees_pollen.html,2026-10-07,332,True,https://www.discoverlife.org/20/q?search=Melissodes+trinodis,https://plants.usda.gov/plant-profile/GRIND,explicit_source_label,
Melissodes trinodis,Apidae,Helianthus,Asteraceae,genus,listed,pollen_host,fowler-central-2020,https://jarrodfowler.com/bees_pollen.html,2026-10-07,332,True,https://www.discoverlife.org/20/q?search=Melissodes+trinodis,https://plants.usda.gov/plant-profile/HELIA3,explicit_source_label,
Melissodes trinodis,Apidae,Heliopsis,Asteraceae,genus,listed,pollen_host,fowler-central-2020,https://jarrodfowler.com/bees_pollen.html,2026-10-07,332,True,https://www.discoverlife.org/20/q?search=Melissodes+trinodis,https://plants.usda.gov/plant-profile/HELIO2,explicit_source_label,
Melissodes trinodis,Apidae,Ratibida,Asteraceae,genus,listed,pollen_host,fowler-central-2020,https://jarrodfowler.com/bees_pollen.html,2026-10-07,332,True,https://www.discoverlife.org/20/q?search=Melissodes+trinodis,https://plants.usda.gov/plant-profile/RATIB,explicit_source_label,
Melissodes trinodis,Apidae,Rudbeckia,Asteraceae,genus,listed,pollen_host,fowler-central-2020,https://jarrodfowler.com/bees_pollen.html,2026-10-07,332,True,https://www.discoverlife.org/20/q?search=Melissodes+trinodis,https://plants.usda.gov/plant-profile/RUDBE,explicit_source_label,
Melissodes trinodis,Apidae,Solidago,Asteraceae,genus,listed,pollen_host,fowler-central-2020,https://jarrodfowler.com/bees_pollen.html,2026-10-07,332,True,https://www.discoverlife.org/20/q?search=Melissodes+trinodis,https://plants.usda.gov/plant-profile/SOLID,explicit_source_label,
Melissodes trinodis,Apidae,Symphyotrichum,Asteraceae,genus,listed,pollen_host,fowler-central-2020,https://jarrodfowler.com/bees_pollen.html,2026-10-07,332,True,https://www.discoverlife.org/20/q?search=Melissodes+trinodis,https://plants.usda.gov/plant-profile/SYMPH4,explicit_source_label,
Melissodes trinodis,Apidae,Verbesina,Asteraceae,genus,listed,pollen_host,fowler-central-2020,https://jarrodfowler.com/bees_pollen.html,2026-10-07,332,True,https://www.discoverlife.org/20/q?search=Melissodes+trinodis,https://plants.usda.gov/plant-profile/VERBE2,explicit_source_label,
Melissodes verbesinarum,Apidae,Baileya,Asteraceae,genus,listed,pollen_host,fowler-central-2020,https://jarrodfowler.com/bees_pollen.html,2026-10-07,334,True,https://www.discoverlife.org/20/q?search=Melissodes+verbesinarum,https://plants.usda.gov/plant-profile/BAILE,explicit_source_label,
Melissodes verbesinarum,Apidae,Chaetopappa,Asteraceae,genus,listed,pollen_host,fowler-central-2020,https://jarrodfowler.com/bees_pollen.html,2026-10-07,334,True,https://www.discoverlife.org/20/q?search=Melissodes+verbesinarum,https://plants.usda.gov/plant-profile/CHAET2,explicit_source_label,
Melissodes verbesinarum,Apidae,Chrysothamnus,Asteraceae,genus,listed,pollen_host,fowler-central-2020,https://jarrodfowler.com/bees_pollen.html,2026-10-07,334,True,https://www.discoverlife.org/20/q?search=Melissodes+verbesinarum,https://plants.usda.gov/plant-profile/CHRYS9,explicit_source_label,
Melissodes verbesinarum,Apidae,Dyssodia,Asteraceae,genus,listed,pollen_host,fowler-central-2020,https://jarrodfowler.com/bees_pollen.html,2026-10-07,334,True,https://www.discoverlife.org/20/q?search=Melissodes+verbesinarum,https://plants.usda.gov/plant-profile/DYSSO,explicit_source_label,
Melissodes verbesinarum,Apidae,Encelia,Asteraceae,genus,listed,pollen_host,fowler-central-2020,https://jarrodfowler.com/bees_pollen.html,2026-10-07,334,True,https://www.discoverlife.org/20/q?search=Melissodes+verbesinarum,https://plants.usda.gov/plant-profile/ENCEL,explicit_source_label,
Melissodes verbesinarum,Apidae,Grindelia,Asteraceae,genus,listed,pollen_host,fowler-central-2020,https://jarrodfowler.com/bees_pollen.html,2026-10-07,334,True,https://www.discoverlife.org/20/q?search=Melissodes+verbesinarum,https://plants.usda.gov/plant-profile/GRIND,explicit_source_label,
Melissodes verbesinarum,Apidae,Gutierrezia,Asteraceae,genus,listed,pollen_host,fowler-central-2020,https://jarrodfowler.com/bees_pollen.html,2026-10-07,334,True,https://www.discoverlife.org/20/q?search=Melissodes+verbesinarum,https://plants.usda.gov/plant-profile/GUTIE,explicit_source_label,
Melissodes verbesinarum,Apidae,Helenium,Asteraceae,genus,listed,pollen_host,fowler-central-2020,https://jarrodfowler.com/bees_pollen.html,2026-10-07,334,True,https://www.discoverlife.org/20/q?search=Melissodes+verbesinarum,https://plants.usda.gov/plant-profile/HELEN,explicit_source_label,
Melissodes verbesinarum,Apidae,Helianthus,Asteraceae,genus,listed,pollen_host,fowler-central-2020,https://jarrodfowler.com/bees_pollen.html,2026-10-07,334,True,https://www.discoverlife.org/20/q?search=Melissodes+verbesinarum,https://plants.usda.gov/plant-profile/HELIA3,explicit_source_label,
Melissodes verbesinarum,Apidae,Heterotheca,Asteraceae,genus,listed,pollen_host,fowler-central-2020,https://jarrodfowler.com/bees_pollen.html,2026-10-07,334,True,https://www.discoverlife.org/20/q?search=Melissodes+verbesinarum,https://plants.usda.gov/plant-profile/HETER8,explicit_source_label,
Melissodes verbesinarum,Apidae,Hymenoxys,Asteraceae,genus,listed,pollen_host,fowler-central-2020,https://jarrodfowler.com/bees_pollen.html,2026-10-07,334,True,https://www.discoverlife.org/20/q?search=Melissodes+verbesinarum,https://plants.usda.gov/plant-profile/HYMEN7,explicit_source_label,
Melissodes verbesinarum,Apidae,Isocoma,Asteraceae,genus,listed,pollen_host,fowler-central-2020,https://jarrodfowler.com/bees_pollen.html,2026-10-07,334,True,https://www.discoverlife.org/20/q?search=Melissodes+verbesinarum,https://plants.usda.gov/plant-profile/ISOCO,explicit_source_label,
Melissodes verbesinarum,Apidae,Machaeranthera,Asteraceae,genus,listed,pollen_host,fowler-central-2020,https://jarrodfowler.com/bees_pollen.html,2026-10-07,334,True,https://www.discoverlife.org/20/q?search=Melissodes+verbesinarum,https://plants.usda.gov/plant-profile/MACHA,explicit_source_label,
Melissodes verbesinarum,Apidae,Pectis,Asteraceae,genus,listed,pollen_host,fowler-central-2020,https://jarrodfowler.com/bees_pollen.html,2026-10-07,334,True,https://www.discoverlife.org/20/q?search=Melissodes+verbesinarum,https://plants.usda.gov/plant-profile/PECTI,explicit_source_label,
Melissodes verbesinarum,Apidae,Symphyotrichum,Asteraceae,genus,listed,pollen_host,fowler-central-2020,https://jarrodfowler.com/bees_pollen.html,2026-10-07,334,True,https://www.discoverlife.org/20/q?search=Melissodes+verbesinarum,https://plants.usda.gov/plant-profile/SYMPH4,explicit_source_label,
Melissodes verbesinarum,Apidae,Verbesina,Asteraceae,genus,listed,pollen_host,fowler-central-2020,https://jarrodfowler.com/bees_pollen.html,2026-10-07,334,True,https://www.discoverlife.org/20/q?search=Melissodes+verbesinarum,https://plants.usda.gov/plant-profile/VERBE2,explicit_source_label,
Melissodes verbesinarum,Apidae,Xanthisma,Asteraceae,genus,listed,pollen_host,fowler-central-2020,https://jarrodfowler.com/bees_pollen.html,2026-10-07,334,True,https://www.discoverlife.org/20/q?search=Melissodes+verbesinarum,https://plants.usda.gov/plant-profile/XANTH,explicit_source_label,
Melissodes vernoniae,Apidae,Bidens,Asteraceae,genus,listed,pollen_host,fowler-central-2020,https://jarrodfowler.com/bees_pollen.html,2026-10-07,335,True,https://www.discoverlife.org/20/q?search=Melissodes+vernoniae,https://plants.usda.gov/plant-profile/BIDEN,explicit_source_label,
Melissodes vernoniae,Apidae,Gaillardia,Asteraceae,genus,listed,pollen_host,fowler-central-2020,https://jarrodfowler.com/bees_pollen.html,2026-10-07,335,True,https://www.discoverlife.org/20/q?search=Melissodes+vernoniae,https://plants.usda.gov/plant-profile/GAILL,explicit_source_label,
Melissodes vernoniae,Apidae,Grindelia,Asteraceae,genus,listed,pollen_host,fowler-central-2020,https://jarrodfowler.com/bees_pollen.html,2026-10-07,335,True,https://www.discoverlife.org/20/q?search=Melissodes+vernoniae,https://plants.usda.gov/plant-profile/GRIND,explicit_source_label,
Melissodes vernoniae,Apidae,Helianthus,Asteraceae,genus,listed,pollen_host,fowler-central-2020,https://jarrodfowler.com/bees_pollen.html,2026-10-07,335,True,https://www.discoverlife.org/20/q?search=Melissodes+vernoniae,https://plants.usda.gov/plant-profile/HELIA3,explicit_source_label,
Melissodes vernoniae,Apidae,Heliopsis,Asteraceae,genus,listed,pollen_host,fowler-central-2020,https://jarrodfowler.com/bees_pollen.html,2026-10-07,335,True,https://www.discoverlife.org/20/q?search=Melissodes+vernoniae,https://plants.usda.gov/plant-profile/HELIO2,explicit_source_label,
Melissodes vernoniae,Apidae,Lactuca,Asteraceae,genus,listed,pollen_host,fowler-central-2020,https://jarrodfowler.com/bees_pollen.html,2026-10-07,335,True,https://www.discoverlife.org/20/q?search=Melissodes+vernoniae,https://plants.usda.gov/plant-profile/LACTU,explicit_source_label,
Melissodes vernoniae,Apidae,Liatris,Asteraceae,genus,listed,pollen_host,fowler-central-2020,https://jarrodfowler.com/bees_pollen.html,2026-10-07,335,True,https://www.discoverlife.org/20/q?search=Melissodes+vernoniae,https://plants.usda.gov/plant-profile/LIATR,explicit_source_label,
Melissodes vernoniae,Apidae,Rudbeckia,Asteraceae,genus,listed,pollen_host,fowler-central-2020,https://jarrodfowler.com/bees_pollen.html,2026-10-07,335,True,https://www.discoverlife.org/20/q?search=Melissodes+vernoniae,https://plants.usda.gov/plant-profile/RUDBE,explicit_source_label,
Melissodes vernoniae,Apidae,Silphium,Asteraceae,genus,listed,pollen_host,fowler-central-2020,https://jarrodfowler.com/bees_pollen.html,2026-10-07,335,True,https://www.discoverlife.org/20/q?search=Melissodes+vernoniae,https://plants.usda.gov/plant-profile/SILPH,explicit_source_label,
Melissodes vernoniae,Apidae,Vernonia,Asteraceae,genus,listed,pollen_host,fowler-central-2020,https://jarrodfowler.com/bees_pollen.html,2026-10-07,335,True,https://www.discoverlife.org/20/q?search=Melissodes+vernoniae,https://plants.usda.gov/plant-profile/VERNO,explicit_source_label,
Melissodes wheeleri,Apidae,Baileya,Asteraceae,genus,listed,pollen_host,fowler-central-2020,https://jarrodfowler.com/bees_pollen.html,2026-10-07,336,True,https://www.discoverlife.org/20/q?search=Melissodes+wheeleri,https://plants.usda.gov/plant-profile/BAILE,explicit_source_label,
Melissodes wheeleri,Apidae,Coreopsis,Asteraceae,genus,listed,pollen_host,fowler-central-2020,https://jarrodfowler.com/bees_pollen.html,2026-10-07,336,True,https://www.discoverlife.org/20/q?search=Melissodes+wheeleri,https://plants.usda.gov/plant-profile/COREO2,explicit_source_label,
Melissodes wheeleri,Apidae,Echinacea,Asteraceae,genus,listed,pollen_host,fowler-central-2020,https://jarrodfowler.com/bees_pollen.html,2026-10-07,336,True,https://www.discoverlife.org/20/q?search=Melissodes+wheeleri,https://plants.usda.gov/plant-profile/ECHIN,explicit_source_label,
Melissodes wheeleri,Apidae,Engelmannia,Asteraceae,genus,listed,pollen_host,fowler-central-2020,https://jarrodfowler.com/bees_pollen.html,2026-10-07,336,True,https://www.discoverlife.org/20/q?search=Melissodes+wheeleri,https://plants.usda.gov/plant-profile/ENGEL,explicit_source_label,
Melissodes wheeleri,Apidae,Gaillardia,Asteraceae,genus,listed,pollen_host,fowler-central-2020,https://jarrodfowler.com/bees_pollen.html,2026-10-07,336,True,https://www.discoverlife.org/20/q?search=Melissodes+wheeleri,https://plants.usda.gov/plant-profile/GAILL,explicit_source_label,
Melissodes wheeleri,Apidae,Grindelia,Asteraceae,genus,listed,pollen_host,fowler-central-2020,https://jarrodfowler.com/bees_pollen.html,2026-10-07,336,True,https://www.discoverlife.org/20/q?search=Melissodes+wheeleri,https://plants.usda.gov/plant-profile/GRIND,explicit_source_label,
Melissodes wheeleri,Apidae,Helianthus,Asteraceae,genus,listed,pollen_host,fowler-central-2020,https://jarrodfowler.com/bees_pollen.html,2026-10-07,336,True,https://www.discoverlife.org/20/q?search=Melissodes+wheeleri,https://plants.usda.gov/plant-profile/HELIA3,explicit_source_label,
Melissodes wheeleri,Apidae,Pectis,Asteraceae,genus,listed,pollen_host,fowler-central-2020,https://jarrodfowler.com/bees_pollen.html,2026-10-07,336,True,https://www.discoverlife.org/20/q?search=Melissodes+wheeleri,https://plants.usda.gov/plant-profile/PECTI,explicit_source_label,
Melissodes wheeleri,Apidae,Ratibida,Asteraceae,genus,listed,pollen_host,fowler-central-2020,https://jarrodfowler.com/bees_pollen.html,2026-10-07,336,True,https://www.discoverlife.org/20/q?search=Melissodes+wheeleri,https://plants.usda.gov/plant-profile/RATIB,explicit_source_label,
Melissodes wheeleri,Apidae,Rudbeckia,Asteraceae,genus,listed,pollen_host,fowler-central-2020,https://jarrodfowler.com/bees_pollen.html,2026-10-07,336,True,https://www.discoverlife.org/20/q?search=Melissodes+wheeleri,https://plants.usda.gov/plant-profile/RUDBE,explicit_source_label,
Melissodes wheeleri,Apidae,Silphium,Asteraceae,genus,listed,pollen_host,fowler-central-2020,https://jarrodfowler.com/bees_pollen.html,2026-10-07,336,True,https://www.discoverlife.org/20/q?search=Melissodes+wheeleri,https://plants.usda.gov/plant-profile/SILPH,explicit_source_label,
Melissodes wheeleri,Apidae,Verbesina,Asteraceae,genus,listed,pollen_host,fowler-central-2020,https://jarrodfowler.com/bees_pollen.html,2026-10-07,336,True,https://www.discoverlife.org/20/q?search=Melissodes+wheeleri,https://plants.usda.gov/plant-profile/VERBE2,explicit_source_label,
Melitoma grisella,Apidae,Ipomoea,,genus,listed,pollen_host,fowler-central-2020,https://jarrodfowler.com/bees_pollen.html,2026-10-07,284,True,https://www.discoverlife.org/20/q?search=Melitoma+grisella,https://plants.usda.gov/plant-profile/IPOMO,not_stated,
Melitoma marginella,Apidae,Ipomoea,,genus,listed,pollen_host,fowler-central-2020,https://jarrodfowler.com/bees_pollen.html,2026-10-07,285,True,https://www.discoverlife.org/20/q?search=Melitoma+marginella,https://plants.usda.gov/plant-profile/IPOMO,not_stated,
Melitoma taurea,Apidae,Calystegia,,genus,listed,pollen_host,fowler-central-2020,https://jarrodfowler.com/bees_pollen.html,2026-10-07,286,True,https://www.discoverlife.org/20/q?search=Melitoma+taurea,http://plants.usda.gov/plant-profile/CALYS,not_stated,
Melitoma taurea,Apidae,Ipomoea,,genus,listed,pollen_host,fowler-central-2020,https://jarrodfowler.com/bees_pollen.html,2026-10-07,286,True,https://www.discoverlife.org/20/q?search=Melitoma+taurea,https://plants.usda.gov/plant-profile/IPOMO,not_stated,
Nomia universitatis,Halictidae,Astragalus,Fabaceae,genus,listed,pollen_host,fowler-central-2020,https://jarrodfowler.com/bees_pollen.html,2026-10-07,411,True,https://www.discoverlife.org/20/q?search=Nomia+universitatis,https://plants.usda.gov/plant-profile/ASTRA,explicit_source_label,
Nomia universitatis,Halictidae,Ladeania,Fabaceae,genus,listed,pollen_host,fowler-central-2020,https://jarrodfowler.com/bees_pollen.html,2026-10-07,411,True,https://www.discoverlife.org/20/q?search=Nomia+universitatis,https://plants.usda.gov/plant-profile/PSTE5,explicit_source_label,
Nomia universitatis,Halictidae,Pediomelum,Fabaceae,genus,listed,pollen_host,fowler-central-2020,https://jarrodfowler.com/bees_pollen.html,2026-10-07,411,True,https://www.discoverlife.org/20/q?search=Nomia+universitatis,https://plants.usda.gov/plant-profile/PEDIO2,explicit_source_label,
Osmia chalybea,Megachilidae,Cirsium,,genus,listed,pollen_host,fowler-central-2020,https://jarrodfowler.com/bees_pollen.html,2026-10-07,481,True,https://www.discoverlife.org/20/q?search=Osmia+chalybea,https://plants.usda.gov/plant-profile/CIRSI,not_stated,
Osmia coloradensis,Megachilidae,Chaenactis,Asteraceae,genus,listed,pollen_host,fowler-central-2020,https://jarrodfowler.com/bees_pollen.html,2026-10-07,482,True,https://www.discoverlife.org/20/q?search=Osmia+coloradensis,https://plants.usda.gov/plant-profile/CHAEN,explicit_source_label,
Osmia coloradensis,Megachilidae,Cirsium,Asteraceae,genus,listed,pollen_host,fowler-central-2020,https://jarrodfowler.com/bees_pollen.html,2026-10-07,482,True,https://www.discoverlife.org/20/q?search=Osmia+coloradensis,https://plants.usda.gov/plant-profile/CIRSI,explicit_source_label,
Osmia coloradensis,Megachilidae,Coreopsis,Asteraceae,genus,listed,pollen_host,fowler-central-2020,https://jarrodfowler.com/bees_pollen.html,2026-10-07,482,True,https://www.discoverlife.org/20/q?search=Osmia+coloradensis,https://plants.usda.gov/plant-profile/COREO2,explicit_source_label,
Osmia coloradensis,Megachilidae,Encelia,Asteraceae,genus,listed,pollen_host,fowler-central-2020,https://jarrodfowler.com/bees_pollen.html,2026-10-07,482,True,https://www.discoverlife.org/20/q?search=Osmia+coloradensis,https://plants.usda.gov/plant-profile/ENCEL,explicit_source_label,
Osmia coloradensis,Megachilidae,Erigeron,Asteraceae,genus,listed,pollen_host,fowler-central-2020,https://jarrodfowler.com/bees_pollen.html,2026-10-07,482,True,https://www.discoverlife.org/20/q?search=Osmia+coloradensis,https://plants.usda.gov/plant-profile/ERIGE2,explicit_source_label,
Osmia coloradensis,Megachilidae,Senecio,Asteraceae,genus,listed,pollen_host,fowler-central-2020,https://jarrodfowler.com/bees_pollen.html,2026-10-07,482,True,https://www.discoverlife.org/20/q?search=Osmia+coloradensis,https://plants.usda.gov/plant-profile/SENEC,explicit_source_label,
Osmia integra,Megachilidae,Astragalus,Fabaceae,genus,listed,pollen_host,fowler-central-2020,https://jarrodfowler.com/bees_pollen.html,2026-10-07,486,True,https://www.discoverlife.org/20/q?search=Osmia+integra,https://plants.usda.gov/plant-profile/ASTRA,explicit_source_label,
Osmia integra,Megachilidae,Lotus,Fabaceae,genus,listed,pollen_host,fowler-central-2020,https://jarrodfowler.com/bees_pollen.html,2026-10-07,486,True,https://www.discoverlife.org/20/q?search=Osmia+integra,https://plants.usda.gov/plant-profile/LOTUS,explicit_source_label,
Osmia integra,Megachilidae,Lupinus,Fabaceae,genus,listed,pollen_host,fowler-central-2020,https://jarrodfowler.com/bees_pollen.html,2026-10-07,486,True,https://www.discoverlife.org/20/q?search=Osmia+integra,https://plants.usda.gov/plant-profile/LUPIN,explicit_source_label,
Osmia integra,Megachilidae,Thermopsis,Fabaceae,genus,listed,pollen_host,fowler-central-2020,https://jarrodfowler.com/bees_pollen.html,2026-10-07,486,True,https://www.discoverlife.org/20/q?search=Osmia+integra,https://plants.usda.gov/plant-profile/THERM,explicit_source_label,
Osmia latisulcata,Megachilidae,Astragalus,Fabaceae,genus,listed,pollen_host,fowler-central-2020,https://jarrodfowler.com/bees_pollen.html,2026-10-07,487,True,https://www.discoverlife.org/20/q?search=Osmia+latisulcata,https://plants.usda.gov/plant-profile/ASTRA,explicit_source_label,
Osmia latisulcata,Megachilidae,Lotus,Fabaceae,genus,listed,pollen_host,fowler-central-2020,https://jarrodfowler.com/bees_pollen.html,2026-10-07,487,True,https://www.discoverlife.org/20/q?search=Osmia+latisulcata,https://plants.usda.gov/plant-profile/LOTUS,explicit_source_label,
Osmia latisulcata,Megachilidae,Lupinus,Fabaceae,genus,listed,pollen_host,fowler-central-2020,https://jarrodfowler.com/bees_pollen.html,2026-10-07,487,True,https://www.discoverlife.org/20/q?search=Osmia+latisulcata,https://plants.usda.gov/plant-profile/LUPIN,explicit_source_label,
Osmia montana,Megachilidae,Agoseris,Asteraceae,genus,listed,pollen_host,fowler-central-2020,https://jarrodfowler.com/bees_pollen.html,2026-10-07,489,True,https://www.discoverlife.org/20/q?search=Osmia+montana,https://plants.usda.gov/plant-profile/AGOSE,explicit_source_label,
Osmia montana,Megachilidae,Chaenactis,Asteraceae,genus,listed,pollen_host,fowler-central-2020,https://jarrodfowler.com/bees_pollen.html,2026-10-07,489,True,https://www.discoverlife.org/20/q?search=Osmia+montana,https://plants.usda.gov/plant-profile/CHAEN,explicit_source_label,
Osmia montana,Megachilidae,Cirsium,Asteraceae,genus,listed,pollen_host,fowler-central-2020,https://jarrodfowler.com/bees_pollen.html,2026-10-07,489,True,https://www.discoverlife.org/20/q?search=Osmia+montana,https://plants.usda.gov/plant-profile/CIRSI,explicit_source_label,
Osmia montana,Megachilidae,Encelia,Asteraceae,genus,listed,pollen_host,fowler-central-2020,https://jarrodfowler.com/bees_pollen.html,2026-10-07,489,True,https://www.discoverlife.org/20/q?search=Osmia+montana,https://plants.usda.gov/plant-profile/ENCEL,explicit_source_label,
Osmia montana,Megachilidae,Ericameria,Asteraceae,genus,listed,pollen_host,fowler-central-2020,https://jarrodfowler.com/bees_pollen.html,2026-10-07,489,True,https://www.discoverlife.org/20/q?search=Osmia+montana,https://plants.usda.gov/plant-profile/ERICA2,explicit_source_label,
Osmia montana,Megachilidae,Erigeron,Asteraceae,genus,listed,pollen_host,fowler-central-2020,https://jarrodfowler.com/bees_pollen.html,2026-10-07,489,True,https://www.discoverlife.org/20/q?search=Osmia+montana,https://plants.usda.gov/plant-profile/ERIGE2,explicit_source_label,
Osmia montana,Megachilidae,Eriophyllum,Asteraceae,genus,listed,pollen_host,fowler-central-2020,https://jarrodfowler.com/bees_pollen.html,2026-10-07,489,True,https://www.discoverlife.org/20/q?search=Osmia+montana,https://plants.usda.gov/plant-profile/ERIOP2,explicit_source_label,
Osmia montana,Megachilidae,Grindelia,Asteraceae,genus,listed,pollen_host,fowler-central-2020,https://jarrodfowler.com/bees_pollen.html,2026-10-07,489,True,https://www.discoverlife.org/20/q?search=Osmia+montana,https://plants.usda.gov/plant-profile/GRIND,explicit_source_label,
Osmia montana,Megachilidae,Helianthella,Asteraceae,genus,listed,pollen_host,fowler-central-2020,https://jarrodfowler.com/bees_pollen.html,2026-10-07,489,True,https://www.discoverlife.org/20/q?search=Osmia+montana,https://plants.usda.gov/plant-profile/HELIA,explicit_source_label,
Osmia montana,Megachilidae,Senecio,Asteraceae,genus,listed,pollen_host,fowler-central-2020,https://jarrodfowler.com/bees_pollen.html,2026-10-07,489,True,https://www.discoverlife.org/20/q?search=Osmia+montana,https://plants.usda.gov/plant-profile/SENEC,explicit_source_label,
Osmia texana,Megachilidae,Cirsium,,genus,listed,pollen_host,fowler-central-2020,https://jarrodfowler.com/bees_pollen.html,2026-10-07,492,True,https://www.discoverlife.org/20/q?search=Osmia+texana,https://plants.usda.gov/plant-profile/CIRSI,not_stated,
Osmia titusi,Megachilidae,Astragalus,Fabaceae,genus,listed,pollen_host,fowler-central-2020,https://jarrodfowler.com/bees_pollen.html,2026-10-07,493,True,https://www.discoverlife.org/20/q?search=Osmia+titusi,https://plants.usda.gov/plant-profile/ASTRA,explicit_source_label,
Osmia titusi,Megachilidae,Dalea,Fabaceae,genus,listed,pollen_host,fowler-central-2020,https://jarrodfowler.com/bees_pollen.html,2026-10-07,493,True,https://www.discoverlife.org/20/q?search=Osmia+titusi,https://plants.usda.gov/plant-profile/DALEA,explicit_source_label,
Osmia titusi,Megachilidae,Lotus,Fabaceae,genus,listed,pollen_host,fowler-central-2020,https://jarrodfowler.com/bees_pollen.html,2026-10-07,493,True,https://www.discoverlife.org/20/q?search=Osmia+titusi,https://plants.usda.gov/plant-profile/LOTUS,explicit_source_label,
Osmia titusi,Megachilidae,Lupinus,Fabaceae,genus,listed,pollen_host,fowler-central-2020,https://jarrodfowler.com/bees_pollen.html,2026-10-07,493,True,https://www.discoverlife.org/20/q?search=Osmia+titusi,https://plants.usda.gov/plant-profile/LUPIN,explicit_source_label,
Peponapis pruinosa,Apidae,Cucurbita,,genus,listed,pollen_host,fowler-central-2020,https://jarrodfowler.com/bees_pollen.html,2026-10-07,337,True,https://www.discoverlife.org/20/q?search=Peponapis+pruinosa,https://plants.usda.gov/plant-profile/CUCUR,not_stated,
Peponapis utahensis,Apidae,Cucurbita,,genus,listed,pollen_host,fowler-central-2020,https://jarrodfowler.com/bees_pollen.html,2026-10-07,339,True,https://www.discoverlife.org/20/q?search=Peponapis+utahensis,https://plants.usda.gov/plant-profile/CUCUR,not_stated,
Perdita affinis,Andrenidae,Chrysothamnus,Asteraceae,genus,listed,pollen_host,fowler-central-2020,https://jarrodfowler.com/bees_pollen.html,2026-10-07,152,True,https://www.discoverlife.org/20/q?search=Perdita+affinis,https://plants.usda.gov/plant-profile/CHRYS9,explicit_source_label,
Perdita affinis,Andrenidae,Grindelia,Asteraceae,genus,listed,pollen_host,fowler-central-2020,https://jarrodfowler.com/bees_pollen.html,2026-10-07,152,True,https://www.discoverlife.org/20/q?search=Perdita+affinis,https://plants.usda.gov/plant-profile/GRIND,explicit_source_label,
Perdita affinis,Andrenidae,Senecio,Asteraceae,genus,listed,pollen_host,fowler-central-2020,https://jarrodfowler.com/bees_pollen.html,2026-10-07,152,True,https://www.discoverlife.org/20/q?search=Perdita+affinis,https://plants.usda.gov/plant-profile/SENEC,explicit_source_label,
Perdita affinis,Andrenidae,Xanthisma,Asteraceae,genus,listed,pollen_host,fowler-central-2020,https://jarrodfowler.com/bees_pollen.html,2026-10-07,152,True,https://www.discoverlife.org/20/q?search=Perdita+affinis,https://plants.usda.gov/plant-profile/XANTH,explicit_source_label,
Perdita albihirta,Andrenidae,Baileya,Asteraceae,genus,listed,pollen_host,fowler-central-2020,https://jarrodfowler.com/bees_pollen.html,2026-10-07,153,True,https://www.discoverlife.org/20/q?search=Perdita+albihirta,https://plants.usda.gov/plant-profile/BAILE,explicit_source_label,
Perdita albihirta,Andrenidae,Chaenactis,Asteraceae,genus,listed,pollen_host,fowler-central-2020,https://jarrodfowler.com/bees_pollen.html,2026-10-07,153,True,https://www.discoverlife.org/20/q?search=Perdita+albihirta,https://plants.usda.gov/plant-profile/CHAEN,explicit_source_label,
Perdita albihirta,Andrenidae,Encelia,Asteraceae,genus,listed,pollen_host,fowler-central-2020,https://jarrodfowler.com/bees_pollen.html,2026-10-07,153,True,https://www.discoverlife.org/20/q?search=Perdita+albihirta,https://plants.usda.gov/plant-profile/ENCEL,explicit_source_label,
Perdita albipennis,Andrenidae,Grindelia,Asteraceae,genus,listed,pollen_host,fowler-central-2020,https://jarrodfowler.com/bees_pollen.html,2026-10-07,154,True,https://www.discoverlife.org/20/q?search=Perdita+albipennis,https://plants.usda.gov/plant-profile/GRIND,explicit_source_label,
Perdita albipennis,Andrenidae,Helianthus,Asteraceae,genus,listed,pollen_host,fowler-central-2020,https://jarrodfowler.com/bees_pollen.html,2026-10-07,154,True,https://www.discoverlife.org/20/q?search=Perdita+albipennis,https://plants.usda.gov/plant-profile/HELIA3,explicit_source_label,
Perdita albipennis,Andrenidae,Heterotheca,Asteraceae,genus,listed,pollen_host,fowler-central-2020,https://jarrodfowler.com/bees_pollen.html,2026-10-07,154,True,https://www.discoverlife.org/20/q?search=Perdita+albipennis,https://plants.usda.gov/plant-profile/HETER8,explicit_source_label,
Perdita albipennis,Andrenidae,Rudbeckia,Asteraceae,genus,listed,pollen_host,fowler-central-2020,https://jarrodfowler.com/bees_pollen.html,2026-10-07,154,True,https://www.discoverlife.org/20/q?search=Perdita+albipennis,https://plants.usda.gov/plant-profile/RUDBE,explicit_source_label,
Perdita albipennis,Andrenidae,Symphyotrichum,Asteraceae,genus,listed,pollen_host,fowler-central-2020,https://jarrodfowler.com/bees_pollen.html,2026-10-07,154,True,https://www.discoverlife.org/20/q?search=Perdita+albipennis,https://plants.usda.gov/plant-profile/SYMPH4,explicit_source_label,
Perdita albipennis,Andrenidae,Verbesina,Asteraceae,genus,listed,pollen_host,fowler-central-2020,https://jarrodfowler.com/bees_pollen.html,2026-10-07,154,True,https://www.discoverlife.org/20/q?search=Perdita+albipennis,https://plants.usda.gov/plant-profile/VERBE2,explicit_source_label,
Perdita albovittata,Andrenidae,Bahia,Asteraceae,genus,listed,pollen_host,fowler-central-2020,https://jarrodfowler.com/bees_pollen.html,2026-10-07,155,True,https://www.discoverlife.org/20/q?search=Perdita+albovittata,https://plants.usda.gov/plant-profile/BAHIA,explicit_source_label,
Perdita albovittata,Andrenidae,Baileya,Asteraceae,genus,listed,pollen_host,fowler-central-2020,https://jarrodfowler.com/bees_pollen.html,2026-10-07,155,True,https://www.discoverlife.org/20/q?search=Perdita+albovittata,https://plants.usda.gov/plant-profile/BAILE,explicit_source_label,
Perdita albovittata,Andrenidae,Gutierrezia,Asteraceae,genus,listed,pollen_host,fowler-central-2020,https://jarrodfowler.com/bees_pollen.html,2026-10-07,155,True,https://www.discoverlife.org/20/q?search=Perdita+albovittata,https://plants.usda.gov/plant-profile/GUTIE,explicit_source_label,
Perdita albovittata,Andrenidae,Heterotheca,Asteraceae,genus,listed,pollen_host,fowler-central-2020,https://jarrodfowler.com/bees_pollen.html,2026-10-07,155,True,https://www.discoverlife.org/20/q?search=Perdita+albovittata,https://plants.usda.gov/plant-profile/HETER8,explicit_source_label,
Perdita albovittata,Andrenidae,Hymenothrix,Asteraceae,genus,listed,pollen_host,fowler-central-2020,https://jarrodfowler.com/bees_pollen.html,2026-10-07,155,True,https://www.discoverlife.org/20/q?search=Perdita+albovittata,https://plants.usda.gov/plant-profile/HYMEN6,explicit_source_label,
Perdita albovittata,Andrenidae,Isocoma,Asteraceae,genus,listed,pollen_host,fowler-central-2020,https://jarrodfowler.com/bees_pollen.html,2026-10-07,155,True,https://www.discoverlife.org/20/q?search=Perdita+albovittata,https://plants.usda.gov/plant-profile/ISOCO,explicit_source_label,
Perdita albovittata,Andrenidae,Machaeranthera,Asteraceae,genus,listed,pollen_host,fowler-central-2020,https://jarrodfowler.com/bees_pollen.html,2026-10-07,155,True,https://www.discoverlife.org/20/q?search=Perdita+albovittata,https://plants.usda.gov/plant-profile/MACHA,explicit_source_label,
Perdita albovittata,Andrenidae,Pectis,Asteraceae,genus,listed,pollen_host,fowler-central-2020,https://jarrodfowler.com/bees_pollen.html,2026-10-07,155,True,https://www.discoverlife.org/20/q?search=Perdita+albovittata,https://plants.usda.gov/plant-profile/PECTI,explicit_source_label,
Perdita albovittata,Andrenidae,Psilostrophe,Asteraceae,genus,listed,pollen_host,fowler-central-2020,https://jarrodfowler.com/bees_pollen.html,2026-10-07,155,True,https://www.discoverlife.org/20/q?search=Perdita+albovittata,https://plants.usda.gov/plant-profile/PSILO3,explicit_source_label,
Perdita albovittata,Andrenidae,Verbesina,Asteraceae,genus,listed,pollen_host,fowler-central-2020,https://jarrodfowler.com/bees_pollen.html,2026-10-07,155,True,https://www.discoverlife.org/20/q?search=Perdita+albovittata,https://plants.usda.gov/plant-profile/VERBE2,explicit_source_label,
Perdita albovittata,Andrenidae,Xanthisma,Asteraceae,genus,listed,pollen_host,fowler-central-2020,https://jarrodfowler.com/bees_pollen.html,2026-10-07,155,True,https://www.discoverlife.org/20/q?search=Perdita+albovittata,https://plants.usda.gov/plant-profile/XANTH,explicit_source_label,
Perdita alexi,Andrenidae,Helianthus,Asteraceae,genus,listed,pollen_host,fowler-central-2020,https://jarrodfowler.com/bees_pollen.html,2026-10-07,156,True,https://www.discoverlife.org/20/q?search=Perdita+alexi,https://plants.usda.gov/plant-profile/HELIA3,explicit_source_label,
Perdita alexi,Andrenidae,Heterotheca,Asteraceae,genus,listed,pollen_host,fowler-central-2020,https://jarrodfowler.com/bees_pollen.html,2026-10-07,156,True,https://www.discoverlife.org/20/q?search=Perdita+alexi,https://plants.usda.gov/plant-profile/HETER8,explicit_source_label,
Perdita ampla,Andrenidae,Chrysothamnus,Asteraceae,genus,listed,pollen_host,fowler-central-2020,https://jarrodfowler.com/bees_pollen.html,2026-10-07,157,True,https://www.discoverlife.org/20/q?search=Perdita+ampla,https://plants.usda.gov/plant-profile/CHRYS9,explicit_source_label,
Perdita ampla,Andrenidae,Ericameria,Asteraceae,genus,listed,pollen_host,fowler-central-2020,https://jarrodfowler.com/bees_pollen.html,2026-10-07,157,True,https://www.discoverlife.org/20/q?search=Perdita+ampla,https://plants.usda.gov/plant-profile/ERICA2,explicit_source_label,
Perdita aperta,Andrenidae,Gutierrezia,,genus,listed,pollen_host,fowler-central-2020,https://jarrodfowler.com/bees_pollen.html,2026-10-07,158,True,https://www.discoverlife.org/20/q?search=Perdita+aperta,https://plants.usda.gov/plant-profile/GUTIE,not_stated,
Perdita ashmeadi,Andrenidae,Prosopis,,genus,listed,pollen_host,fowler-central-2020,https://jarrodfowler.com/bees_pollen.html,2026-10-07,159,True,https://www.discoverlife.org/20/q?search=Perdita+ashmeadi,https://plants.usda.gov/plant-profile/PROSO,not_stated,
Perdita asteris,Andrenidae,Baileya,Asteraceae,genus,listed,pollen_host,fowler-central-2020,https://jarrodfowler.com/bees_pollen.html,2026-10-07,160,True,https://www.discoverlife.org/20/q?search=Perdita+asteris,https://plants.usda.gov/plant-profile/BAILE,explicit_source_label,
Perdita asteris,Andrenidae,Heterotheca,Asteraceae,genus,listed,pollen_host,fowler-central-2020,https://jarrodfowler.com/bees_pollen.html,2026-10-07,160,True,https://www.discoverlife.org/20/q?search=Perdita+asteris,https://plants.usda.gov/plant-profile/HETER8,explicit_source_label,
Perdita asteris,Andrenidae,Machaeranthera,Asteraceae,genus,listed,pollen_host,fowler-central-2020,https://jarrodfowler.com/bees_pollen.html,2026-10-07,160,True,https://www.discoverlife.org/20/q?search=Perdita+asteris,https://plants.usda.gov/plant-profile/MACHA,explicit_source_label,
Perdita beata,Andrenidae,Bahia,Asteraceae,genus,listed,pollen_host,fowler-central-2020,https://jarrodfowler.com/bees_pollen.html,2026-10-07,161,True,https://www.discoverlife.org/20/q?search=Perdita+beata,https://plants.usda.gov/plant-profile/BAHIA,explicit_source_label,
Perdita beata,Andrenidae,Encelia,Asteraceae,genus,listed,pollen_host,fowler-central-2020,https://jarrodfowler.com/bees_pollen.html,2026-10-07,161,True,https://www.discoverlife.org/20/q?search=Perdita+beata,https://plants.usda.gov/plant-profile/ENCEL,explicit_source_label,
Perdita beata,Andrenidae,Gutierrezia,Asteraceae,genus,listed,pollen_host,fowler-central-2020,https://jarrodfowler.com/bees_pollen.html,2026-10-07,161,True,https://www.discoverlife.org/20/q?search=Perdita+beata,https://plants.usda.gov/plant-profile/GUTIE,explicit_source_label,
Perdita beata,Andrenidae,Verbesina,Asteraceae,genus,listed,pollen_host,fowler-central-2020,https://jarrodfowler.com/bees_pollen.html,2026-10-07,161,True,https://www.discoverlife.org/20/q?search=Perdita+beata,https://plants.usda.gov/plant-profile/VERBE2,explicit_source_label,
Perdita bequaerti,Andrenidae,Balduina,Asteraceae,genus,listed,pollen_host,fowler-central-2020,https://jarrodfowler.com/bees_pollen.html,2026-10-07,162,True,https://www.discoverlife.org/20/q?search=Perdita+bequaerti,https://plants.usda.gov/plant-profile/BALDU,explicit_source_label,
Perdita bequaerti,Andrenidae,Bidens,Asteraceae,genus,listed,pollen_host,fowler-central-2020,https://jarrodfowler.com/bees_pollen.html,2026-10-07,162,True,https://www.discoverlife.org/20/q?search=Perdita+bequaerti,https://plants.usda.gov/plant-profile/BIDEN,explicit_source_label,
Perdita bequaerti,Andrenidae,Helianthus,Asteraceae,genus,listed,pollen_host,fowler-central-2020,https://jarrodfowler.com/bees_pollen.html,2026-10-07,162,True,https://www.discoverlife.org/20/q?search=Perdita+bequaerti,https://plants.usda.gov/plant-profile/HELIA3,explicit_source_label,
Perdita bequaerti,Andrenidae,Physalis,,genus,tentative,pollen_host,fowler-central-2020,https://jarrodfowler.com/bees_pollen.html,2026-10-07,162,True,https://www.discoverlife.org/20/q?search=Perdita+bequaerti,https://plants.usda.gov/plant-profile/PHYSA,not_stated,
Perdita bequaertiana,Andrenidae,Oenothera,,genus,listed,pollen_host,fowler-central-2020,https://jarrodfowler.com/bees_pollen.html,2026-10-07,163,True,https://www.discoverlife.org/20/q?search=Perdita+bequaertiana,https://plants.usda.gov/plant-profile/OENOT,not_stated,
Perdita bishoppi,Andrenidae,Chrysopsis,,genus,listed,pollen_host,fowler-central-2020,https://jarrodfowler.com/bees_pollen.html,2026-10-07,164,True,https://www.discoverlife.org/20/q?search=Perdita+bishoppi,http://plants.usda.gov/plant-profile/CHRYS7,not_stated,
Perdita bishoppi,Andrenidae,Heterotheca,,genus,listed,pollen_host,fowler-central-2020,https://jarrodfowler.com/bees_pollen.html,2026-10-07,164,True,https://www.discoverlife.org/20/q?search=Perdita+bishoppi,https://plants.usda.gov/plant-profile/HETER8,not_stated,
Perdita bishoppi,Andrenidae,Pityopsis,,genus,listed,pollen_host,fowler-central-2020,https://jarrodfowler.com/bees_pollen.html,2026-10-07,164,True,https://www.discoverlife.org/20/q?search=Perdita+bishoppi,http://plants.usda.gov/plant-profile/PITYO2,not_stated,
Perdita bruneri,Andrenidae,Grindelia,Asteraceae,genus,listed,pollen_host,fowler-central-2020,https://jarrodfowler.com/bees_pollen.html,2026-10-07,166,True,https://www.discoverlife.org/20/q?search=Perdita+bruneri,https://plants.usda.gov/plant-profile/GRIND,explicit_source_label,
Perdita bruneri,Andrenidae,Helianthus,Asteraceae,genus,listed,pollen_host,fowler-central-2020,https://jarrodfowler.com/bees_pollen.html,2026-10-07,166,True,https://www.discoverlife.org/20/q?search=Perdita+bruneri,https://plants.usda.gov/plant-profile/HELIA3,explicit_source_label,
Perdita bruneri,Andrenidae,Heterotheca,Asteraceae,genus,listed,pollen_host,fowler-central-2020,https://jarrodfowler.com/bees_pollen.html,2026-10-07,166,True,https://www.discoverlife.org/20/q?search=Perdita+bruneri,https://plants.usda.gov/plant-profile/HETER8,explicit_source_label,
Perdita bruneri,Andrenidae,Solidago,Asteraceae,genus,listed,pollen_host,fowler-central-2020,https://jarrodfowler.com/bees_pollen.html,2026-10-07,166,True,https://www.discoverlife.org/20/q?search=Perdita+bruneri,https://plants.usda.gov/plant-profile/SOLID,explicit_source_label,
Perdita bruneri,Andrenidae,Symphyotrichum,Asteraceae,genus,listed,pollen_host,fowler-central-2020,https://jarrodfowler.com/bees_pollen.html,2026-10-07,166,True,https://www.discoverlife.org/20/q?search=Perdita+bruneri,https://plants.usda.gov/plant-profile/SYMPH4,explicit_source_label,
Perdita callicerata,Andrenidae,Bahia,Asteraceae,genus,listed,pollen_host,fowler-central-2020,https://jarrodfowler.com/bees_pollen.html,2026-10-07,167,True,https://www.discoverlife.org/20/q?search=Perdita+callicerata,https://plants.usda.gov/plant-profile/BAHIA,explicit_source_label,
Perdita callicerata,Andrenidae,Baileya,Asteraceae,genus,listed,pollen_host,fowler-central-2020,https://jarrodfowler.com/bees_pollen.html,2026-10-07,167,True,https://www.discoverlife.org/20/q?search=Perdita+callicerata,https://plants.usda.gov/plant-profile/BAILE,explicit_source_label,
Perdita callicerata,Andrenidae,Gutierrezia,Asteraceae,genus,listed,pollen_host,fowler-central-2020,https://jarrodfowler.com/bees_pollen.html,2026-10-07,167,True,https://www.discoverlife.org/20/q?search=Perdita+callicerata,https://plants.usda.gov/plant-profile/GUTIE,explicit_source_label,
Perdita callicerata,Andrenidae,Heterotheca,Asteraceae,genus,listed,pollen_host,fowler-central-2020,https://jarrodfowler.com/bees_pollen.html,2026-10-07,167,True,https://www.discoverlife.org/20/q?search=Perdita+callicerata,https://plants.usda.gov/plant-profile/HETER8,explicit_source_label,
Perdita callicerata,Andrenidae,Malacothrix,Asteraceae,genus,listed,pollen_host,fowler-central-2020,https://jarrodfowler.com/bees_pollen.html,2026-10-07,167,True,https://www.discoverlife.org/20/q?search=Perdita+callicerata,https://plants.usda.gov/plant-profile/MALAC3,explicit_source_label,
Perdita callicerata,Andrenidae,Verbesina,Asteraceae,genus,listed,pollen_host,fowler-central-2020,https://jarrodfowler.com/bees_pollen.html,2026-10-07,167,True,https://www.discoverlife.org/20/q?search=Perdita+callicerata,https://plants.usda.gov/plant-profile/VERBE2,explicit_source_label,
Perdita cambarella,Andrenidae,Croptilon,Asteraceae,genus,listed,pollen_host,fowler-central-2020,https://jarrodfowler.com/bees_pollen.html,2026-10-07,168,True,https://www.discoverlife.org/20/q?search=Perdita+cambarella,https://plants.usda.gov/plant-profile/CROPT,explicit_source_label,
Perdita cambarella,Andrenidae,Heterotheca,Asteraceae,genus,listed,pollen_host,fowler-central-2020,https://jarrodfowler.com/bees_pollen.html,2026-10-07,168,True,https://www.discoverlife.org/20/q?search=Perdita+cambarella,https://plants.usda.gov/plant-profile/HETER8,explicit_source_label,
Perdita chrysophila,Andrenidae,Thelesperma,Asteraceae,genus,listed,pollen_host,fowler-central-2020,https://jarrodfowler.com/bees_pollen.html,2026-10-07,169,True,https://www.discoverlife.org/20/q?search=Perdita+chrysophila,https://plants.usda.gov/plant-profile/THELE,explicit_source_label,
Perdita chrysophila,Andrenidae,Verbesina,Asteraceae,genus,listed,pollen_host,fowler-central-2020,https://jarrodfowler.com/bees_pollen.html,2026-10-07,169,True,https://www.discoverlife.org/20/q?search=Perdita+chrysophila,https://plants.usda.gov/plant-profile/VERBE2,explicit_source_label,
Perdita cladothricis,Andrenidae,Tidestromia,,genus,listed,pollen_host,fowler-central-2020,https://jarrodfowler.com/bees_pollen.html,2026-10-07,170,True,https://www.discoverlife.org/20/q?search=Perdita+cladothricis,https://plants.usda.gov/plant-profile/TIDES,not_stated,
Perdita confusa,Andrenidae,Lepidium,,genus,listed,pollen_host,fowler-central-2020,https://jarrodfowler.com/bees_pollen.html,2026-10-07,171,True,https://www.discoverlife.org/20/q?search=Perdita+confusa,https://plants.usda.gov/plant-profile/LEPID,not_stated,
Perdita coreopsidis,Andrenidae,Baileya,Asteraceae,genus,listed,pollen_host,fowler-central-2020,https://jarrodfowler.com/bees_pollen.html,2026-10-07,172,True,https://www.discoverlife.org/20/q?search=Perdita+coreopsidis,https://plants.usda.gov/plant-profile/BAILE,explicit_source_label,
Perdita coreopsidis,Andrenidae,Gaillardia,Asteraceae,genus,listed,pollen_host,fowler-central-2020,https://jarrodfowler.com/bees_pollen.html,2026-10-07,172,True,https://www.discoverlife.org/20/q?search=Perdita+coreopsidis,https://plants.usda.gov/plant-profile/GAILL,explicit_source_label,
Perdita coreopsidis,Andrenidae,Heterotheca,Asteraceae,genus,listed,pollen_host,fowler-central-2020,https://jarrodfowler.com/bees_pollen.html,2026-10-07,172,True,https://www.discoverlife.org/20/q?search=Perdita+coreopsidis,https://plants.usda.gov/plant-profile/HETER8,explicit_source_label,
Perdita crotonis,Andrenidae,Croton,,genus,listed,pollen_host,fowler-central-2020,https://jarrodfowler.com/bees_pollen.html,2026-10-07,173,True,https://www.discoverlife.org/20/q?search=Perdita+crotonis,https://plants.usda.gov/plant-profile/CROTO,not_stated,
Perdita dalyi,Andrenidae,Helianthus,,genus,listed,pollen_host,fowler-central-2020,https://jarrodfowler.com/bees_pollen.html,2026-10-07,174,True,https://www.discoverlife.org/20/q?search=Perdita+dalyi,https://plants.usda.gov/plant-profile/HELIA3,not_stated,
Perdita difficilis,Andrenidae,Prosopis,,genus,listed,pollen_host,fowler-central-2020,https://jarrodfowler.com/bees_pollen.html,2026-10-07,175,True,https://www.discoverlife.org/20/q?search=Perdita+difficilis,https://plants.usda.gov/plant-profile/PROSO,not_stated,
Perdita dolanensis,Andrenidae,Salvia,,genus,listed,pollen_host,fowler-central-2020,https://jarrodfowler.com/bees_pollen.html,2026-10-07,176,True,https://www.discoverlife.org/20/q?search=Perdita+dolanensis,https://plants.usda.gov/plant-profile/SALVI,not_stated,
Perdita exclamans,Andrenidae,Prosopis,Fabaceae,genus,listed,pollen_host,fowler-central-2020,https://jarrodfowler.com/bees_pollen.html,2026-10-07,178,True,https://www.discoverlife.org/20/q?search=Perdita+exclamans,https://plants.usda.gov/plant-profile/PROSO,explicit_source_label,
Perdita fallax,Andrenidae,Bahia,Asteraceae,genus,listed,pollen_host,fowler-central-2020,https://jarrodfowler.com/bees_pollen.html,2026-10-07,179,True,https://www.discoverlife.org/20/q?search=Perdita+fallax,https://plants.usda.gov/plant-profile/BAHIA,explicit_source_label,
Perdita fallax,Andrenidae,Chrysothamnus,Asteraceae,genus,listed,pollen_host,fowler-central-2020,https://jarrodfowler.com/bees_pollen.html,2026-10-07,179,True,https://www.discoverlife.org/20/q?search=Perdita+fallax,https://plants.usda.gov/plant-profile/CHRYS9,explicit_source_label,
Perdita fallax,Andrenidae,Erigeron,Asteraceae,genus,listed,pollen_host,fowler-central-2020,https://jarrodfowler.com/bees_pollen.html,2026-10-07,179,True,https://www.discoverlife.org/20/q?search=Perdita+fallax,https://plants.usda.gov/plant-profile/ERIGE2,explicit_source_label,
Perdita fallax,Andrenidae,Gaillardia,Asteraceae,genus,listed,pollen_host,fowler-central-2020,https://jarrodfowler.com/bees_pollen.html,2026-10-07,179,True,https://www.discoverlife.org/20/q?search=Perdita+fallax,https://plants.usda.gov/plant-profile/GAILL,explicit_source_label,
Perdita fallax,Andrenidae,Grindelia,Asteraceae,genus,listed,pollen_host,fowler-central-2020,https://jarrodfowler.com/bees_pollen.html,2026-10-07,179,True,https://www.discoverlife.org/20/q?search=Perdita+fallax,https://plants.usda.gov/plant-profile/GRIND,explicit_source_label,
Perdita fallax,Andrenidae,Gutierrezia,Asteraceae,genus,listed,pollen_host,fowler-central-2020,https://jarrodfowler.com/bees_pollen.html,2026-10-07,179,True,https://www.discoverlife.org/20/q?search=Perdita+fallax,https://plants.usda.gov/plant-profile/GUTIE,explicit_source_label,
Perdita fallax,Andrenidae,Haplopappus,Asteraceae,genus,listed,pollen_host,fowler-central-2020,https://jarrodfowler.com/bees_pollen.html,2026-10-07,179,True,https://www.discoverlife.org/20/q?search=Perdita+fallax,https://plants.usda.gov/plant-profile/HAPLO11,explicit_source_label,
Perdita fallax,Andrenidae,Helianthus,Asteraceae,genus,listed,pollen_host,fowler-central-2020,https://jarrodfowler.com/bees_pollen.html,2026-10-07,179,True,https://www.discoverlife.org/20/q?search=Perdita+fallax,https://plants.usda.gov/plant-profile/HELIA3,explicit_source_label,
Perdita fallax,Andrenidae,Heterotheca,Asteraceae,genus,listed,pollen_host,fowler-central-2020,https://jarrodfowler.com/bees_pollen.html,2026-10-07,179,True,https://www.discoverlife.org/20/q?search=Perdita+fallax,https://plants.usda.gov/plant-profile/HETER8,explicit_source_label,
Perdita fallax,Andrenidae,Solidago,Asteraceae,genus,listed,pollen_host,fowler-central-2020,https://jarrodfowler.com/bees_pollen.html,2026-10-07,179,True,https://www.discoverlife.org/20/q?search=Perdita+fallax,https://plants.usda.gov/plant-profile/SOLID,explicit_source_label,
Perdita foveata,Andrenidae,Coreopsis,Asteraceae,genus,listed,pollen_host,fowler-central-2020,https://jarrodfowler.com/bees_pollen.html,2026-10-07,180,True,https://www.discoverlife.org/20/q?search=Perdita+foveata,https://plants.usda.gov/plant-profile/COREO2,explicit_source_label,
Perdita gerhardi,Andrenidae,Monarda,,genus,listed,pollen_host,fowler-central-2020,https://jarrodfowler.com/bees_pollen.html,2026-10-07,182,True,https://www.discoverlife.org/20/q?search=Perdita+gerhardi,https://plants.usda.gov/plant-profile/MONAR,not_stated,
Perdita gutierreziae,Andrenidae,Baileya,Asteraceae,genus,listed,pollen_host,fowler-central-2020,https://jarrodfowler.com/bees_pollen.html,2026-10-07,183,True,https://www.discoverlife.org/20/q?search=Perdita+gutierreziae,https://plants.usda.gov/plant-profile/BAILE,explicit_source_label,
Perdita gutierreziae,Andrenidae,Ericameria,Asteraceae,genus,listed,pollen_host,fowler-central-2020,https://jarrodfowler.com/bees_pollen.html,2026-10-07,183,True,https://www.discoverlife.org/20/q?search=Perdita+gutierreziae,https://plants.usda.gov/plant-profile/ERICA2,explicit_source_label,
Perdita gutierreziae,Andrenidae,Grindelia,Asteraceae,genus,listed,pollen_host,fowler-central-2020,https://jarrodfowler.com/bees_pollen.html,2026-10-07,183,True,https://www.discoverlife.org/20/q?search=Perdita+gutierreziae,https://plants.usda.gov/plant-profile/GRIND,explicit_source_label,
Perdita gutierreziae,Andrenidae,Gutierrezia,Asteraceae,genus,listed,pollen_host,fowler-central-2020,https://jarrodfowler.com/bees_pollen.html,2026-10-07,183,True,https://www.discoverlife.org/20/q?search=Perdita+gutierreziae,https://plants.usda.gov/plant-profile/GUTIE,explicit_source_label,
Perdita gutierreziae,Andrenidae,Isocoma,Asteraceae,genus,listed,pollen_host,fowler-central-2020,https://jarrodfowler.com/bees_pollen.html,2026-10-07,183,True,https://www.discoverlife.org/20/q?search=Perdita+gutierreziae,https://plants.usda.gov/plant-profile/ISOCO,explicit_source_label,
Perdita gutierreziae,Andrenidae,Machaeranthera,Asteraceae,genus,listed,pollen_host,fowler-central-2020,https://jarrodfowler.com/bees_pollen.html,2026-10-07,183,True,https://www.discoverlife.org/20/q?search=Perdita+gutierreziae,https://plants.usda.gov/plant-profile/MACHA,explicit_source_label,
Perdita gutierreziae,Andrenidae,Sartwellia,Asteraceae,genus,listed,pollen_host,fowler-central-2020,https://jarrodfowler.com/bees_pollen.html,2026-10-07,183,True,https://www.discoverlife.org/20/q?search=Perdita+gutierreziae,https://plants.usda.gov/plant-profile/SARTW,explicit_source_label,
Perdita gutierreziae,Andrenidae,Solidago,Asteraceae,genus,listed,pollen_host,fowler-central-2020,https://jarrodfowler.com/bees_pollen.html,2026-10-07,183,True,https://www.discoverlife.org/20/q?search=Perdita+gutierreziae,https://plants.usda.gov/plant-profile/SOLID,explicit_source_label,
Perdita halictoides,Andrenidae,Physalis,,genus,listed,pollen_host,fowler-central-2020,https://jarrodfowler.com/bees_pollen.html,2026-10-07,184,True,https://www.discoverlife.org/20/q?search=Perdita+halictoides,https://plants.usda.gov/plant-profile/PHYSA,not_stated,
Perdita heliotropii,Andrenidae,Heliotropium,,genus,listed,pollen_host,fowler-central-2020,https://jarrodfowler.com/bees_pollen.html,2026-10-07,185,True,https://www.discoverlife.org/20/q?search=Perdita+heliotropii,https://plants.usda.gov/plant-profile/HELIO3,not_stated,
Perdita hippolyta,Andrenidae,Tiquilia,,genus,listed,pollen_host,fowler-central-2020,https://jarrodfowler.com/bees_pollen.html,2026-10-07,186,True,https://www.discoverlife.org/20/q?search=Perdita+hippolyta,https://plants.usda.gov/plant-profile/TIQUI,not_stated,
Perdita hooki,Andrenidae,Tiquilia,,genus,listed,pollen_host,fowler-central-2020,https://jarrodfowler.com/bees_pollen.html,2026-10-07,187,True,https://www.discoverlife.org/20/q?search=Perdita+hooki,https://plants.usda.gov/plant-profile/TIQUI,not_stated,
Perdita ignota,Andrenidae,Grindelia,Asteraceae,genus,listed,pollen_host,fowler-central-2020,https://jarrodfowler.com/bees_pollen.html,2026-10-07,188,True,https://www.discoverlife.org/20/q?search=Perdita+ignota,https://plants.usda.gov/plant-profile/GRIND,explicit_source_label,
Perdita ignota,Andrenidae,Heterotheca,Asteraceae,genus,listed,pollen_host,fowler-central-2020,https://jarrodfowler.com/bees_pollen.html,2026-10-07,188,True,https://www.discoverlife.org/20/q?search=Perdita+ignota,https://plants.usda.gov/plant-profile/HETER8,explicit_source_label,
Perdita ignota,Andrenidae,Solidago,Asteraceae,genus,listed,pollen_host,fowler-central-2020,https://jarrodfowler.com/bees_pollen.html,2026-10-07,188,True,https://www.discoverlife.org/20/q?search=Perdita+ignota,https://plants.usda.gov/plant-profile/SOLID,explicit_source_label,
Perdita jonesi,Andrenidae,Monarda,,genus,listed,pollen_host,fowler-central-2020,https://jarrodfowler.com/bees_pollen.html,2026-10-07,189,True,https://www.discoverlife.org/20/q?search=Perdita+jonesi,https://plants.usda.gov/plant-profile/MONAR,not_stated,
Perdita kiowi,Andrenidae,Mentzelia,,genus,listed,pollen_host,fowler-central-2020,https://jarrodfowler.com/bees_pollen.html,2026-10-07,190,True,https://www.discoverlife.org/20/q?search=Perdita+kiowi,https://plants.usda.gov/plant-profile/MENTZ,not_stated,
Perdita larreae,Andrenidae,Larrea,,genus,listed,pollen_host,fowler-central-2020,https://jarrodfowler.com/bees_pollen.html,2026-10-07,192,True,https://www.discoverlife.org/20/q?search=Perdita+larreae,https://plants.usda.gov/plant-profile/LARRE,not_stated,
Perdita lasiogastra,Andrenidae,Pectis,,genus,listed,pollen_host,fowler-central-2020,https://jarrodfowler.com/bees_pollen.html,2026-10-07,193,True,https://www.discoverlife.org/20/q?search=Perdita+lasiogastra,https://plants.usda.gov/plant-profile/PECTI,not_stated,
Perdita lenis,Andrenidae,Chamaesaracha,Solanaceae,genus,listed,pollen_host,fowler-central-2020,https://jarrodfowler.com/bees_pollen.html,2026-10-07,195,True,https://www.discoverlife.org/20/q?search=Perdita+lenis,https://plants.usda.gov/plant-profile/CHAMA8,explicit_source_label,
Perdita lenis,Andrenidae,Physalis,Solanaceae,genus,listed,pollen_host,fowler-central-2020,https://jarrodfowler.com/bees_pollen.html,2026-10-07,195,True,https://www.discoverlife.org/20/q?search=Perdita+lenis,https://plants.usda.gov/plant-profile/PHYSA,explicit_source_label,
Perdita lenis,Andrenidae,Solanum,Solanaceae,genus,listed,pollen_host,fowler-central-2020,https://jarrodfowler.com/bees_pollen.html,2026-10-07,195,True,https://www.discoverlife.org/20/q?search=Perdita+lenis,https://plants.usda.gov/plant-profile/SOLAN,explicit_source_label,
Perdita lepachidis,Andrenidae,Ratibida,Asteraceae,genus,listed,pollen_host,fowler-central-2020,https://jarrodfowler.com/bees_pollen.html,2026-10-07,196,True,https://www.discoverlife.org/20/q?search=Perdita+lepachidis,https://plants.usda.gov/plant-profile/RATIB,explicit_source_label,
Perdita lingualis,Andrenidae,Ericameria,Asteraceae,genus,listed,pollen_host,fowler-central-2020,https://jarrodfowler.com/bees_pollen.html,2026-10-07,197,True,https://www.discoverlife.org/20/q?search=Perdita+lingualis,https://plants.usda.gov/plant-profile/ERICA2,explicit_source_label,
Perdita lingualis,Andrenidae,Helianthus,Asteraceae,genus,listed,pollen_host,fowler-central-2020,https://jarrodfowler.com/bees_pollen.html,2026-10-07,197,True,https://www.discoverlife.org/20/q?search=Perdita+lingualis,https://plants.usda.gov/plant-profile/HELIA3,explicit_source_label,
Perdita lingualis,Andrenidae,Verbesina,Asteraceae,genus,listed,pollen_host,fowler-central-2020,https://jarrodfowler.com/bees_pollen.html,2026-10-07,197,True,https://www.discoverlife.org/20/q?search=Perdita+lingualis,https://plants.usda.gov/plant-profile/VERBE2,explicit_source_label,
Perdita luciae,Andrenidae,Parkinsonia,Fabaceae,genus,listed,pollen_host,fowler-central-2020,https://jarrodfowler.com/bees_pollen.html,2026-10-07,198,True,https://www.discoverlife.org/20/q?search=Perdita+luciae,https://plants.usda.gov/plant-profile/PARKI2,explicit_source_label,
Perdita luciae,Andrenidae,Prosopis,Fabaceae,genus,listed,pollen_host,fowler-central-2020,https://jarrodfowler.com/bees_pollen.html,2026-10-07,198,True,https://www.discoverlife.org/20/q?search=Perdita+luciae,https://plants.usda.gov/plant-profile/PROSO,explicit_source_label,
Perdita luteola,Andrenidae,Baileya,Asteraceae,genus,listed,pollen_host,fowler-central-2020,https://jarrodfowler.com/bees_pollen.html,2026-10-07,199,True,https://www.discoverlife.org/20/q?search=Perdita+luteola,https://plants.usda.gov/plant-profile/BAILE,explicit_source_label,
Perdita luteola,Andrenidae,Chrysothamnus,Asteraceae,genus,listed,pollen_host,fowler-central-2020,https://jarrodfowler.com/bees_pollen.html,2026-10-07,199,True,https://www.discoverlife.org/20/q?search=Perdita+luteola,https://plants.usda.gov/plant-profile/CHRYS9,explicit_source_label,
Perdita luteola,Andrenidae,Ericameria,Asteraceae,genus,listed,pollen_host,fowler-central-2020,https://jarrodfowler.com/bees_pollen.html,2026-10-07,199,True,https://www.discoverlife.org/20/q?search=Perdita+luteola,https://plants.usda.gov/plant-profile/ERICA2,explicit_source_label,
Perdita luteola,Andrenidae,Gutierrezia,Asteraceae,genus,listed,pollen_host,fowler-central-2020,https://jarrodfowler.com/bees_pollen.html,2026-10-07,199,True,https://www.discoverlife.org/20/q?search=Perdita+luteola,https://plants.usda.gov/plant-profile/GUTIE,explicit_source_label,
Perdita luteola,Andrenidae,Isocoma,Asteraceae,genus,listed,pollen_host,fowler-central-2020,https://jarrodfowler.com/bees_pollen.html,2026-10-07,199,True,https://www.discoverlife.org/20/q?search=Perdita+luteola,https://plants.usda.gov/plant-profile/ISOCO,explicit_source_label,
Perdita luteola,Andrenidae,Xanthocephalum,Asteraceae,genus,listed,pollen_host,fowler-central-2020,https://jarrodfowler.com/bees_pollen.html,2026-10-07,199,True,https://www.discoverlife.org/20/q?search=Perdita+luteola,https://plants.usda.gov/plant-profile/XANTH6,explicit_source_label,
Perdita maculigera,Andrenidae,Salix,,genus,listed,pollen_host,fowler-central-2020,https://jarrodfowler.com/bees_pollen.html,2026-10-07,200,True,https://www.discoverlife.org/20/q?search=Perdita+maculigera,https://plants.usda.gov/plant-profile/SALIX,not_stated,
Perdita malacothricis,Andrenidae,Baileya,Asteraceae,genus,listed,pollen_host,fowler-central-2020,https://jarrodfowler.com/bees_pollen.html,2026-10-07,201,True,https://www.discoverlife.org/20/q?search=Perdita+malacothricis,https://plants.usda.gov/plant-profile/BAILE,explicit_source_label,
Perdita malacothricis,Andrenidae,Chaenactis,Asteraceae,genus,listed,pollen_host,fowler-central-2020,https://jarrodfowler.com/bees_pollen.html,2026-10-07,201,True,https://www.discoverlife.org/20/q?search=Perdita+malacothricis,https://plants.usda.gov/plant-profile/CHAEN,explicit_source_label,
Perdita malacothricis,Andrenidae,Malacothrix,Asteraceae,genus,listed,pollen_host,fowler-central-2020,https://jarrodfowler.com/bees_pollen.html,2026-10-07,201,True,https://www.discoverlife.org/20/q?search=Perdita+malacothricis,https://plants.usda.gov/plant-profile/MALAC3,explicit_source_label,
Perdita malacothricis,Andrenidae,Rafinesquia,Asteraceae,genus,listed,pollen_host,fowler-central-2020,https://jarrodfowler.com/bees_pollen.html,2026-10-07,201,True,https://www.discoverlife.org/20/q?search=Perdita+malacothricis,https://plants.usda.gov/plant-profile/RAFIN,explicit_source_label,
Perdita malacothricis,Andrenidae,Stephanomeria,Asteraceae,genus,listed,pollen_host,fowler-central-2020,https://jarrodfowler.com/bees_pollen.html,2026-10-07,201,True,https://www.discoverlife.org/20/q?search=Perdita+malacothricis,https://plants.usda.gov/plant-profile/STEPH,explicit_source_label,
Perdita mentzeliarum,Andrenidae,Mentzelia,,genus,listed,pollen_host,fowler-central-2020,https://jarrodfowler.com/bees_pollen.html,2026-10-07,203,True,https://www.discoverlife.org/20/q?search=Perdita+mentzeliarum,https://plants.usda.gov/plant-profile/MENTZ,not_stated,
Perdita minima,Andrenidae,Chamaesyce,Euphorbiaceae,genus,listed,pollen_host,fowler-central-2020,https://jarrodfowler.com/bees_pollen.html,2026-10-07,204,True,https://www.discoverlife.org/20/q?search=Perdita+minima,https://plants.usda.gov/plant-profile/CHAMA15,explicit_source_label,
Perdita minima,Andrenidae,Euphorbia,Euphorbiaceae,genus,listed,pollen_host,fowler-central-2020,https://jarrodfowler.com/bees_pollen.html,2026-10-07,204,True,https://www.discoverlife.org/20/q?search=Perdita+minima,https://plants.usda.gov/plant-profile/EUPHO,explicit_source_label,
Perdita munita,Andrenidae,Chamaesaracha,,genus,listed,pollen_host,fowler-central-2020,https://jarrodfowler.com/bees_pollen.html,2026-10-07,205,True,https://www.discoverlife.org/20/q?search=Perdita+munita,https://plants.usda.gov/plant-profile/CHAMA8,not_stated,
Perdita nasuta,Andrenidae,Eriogonum,,genus,listed,pollen_host,fowler-central-2020,https://jarrodfowler.com/bees_pollen.html,2026-10-07,206,True,https://www.discoverlife.org/20/q?search=Perdita+nasuta,https://plants.usda.gov/plant-profile/ERIOG,not_stated,
Perdita numerata,Andrenidae,Prosopis,Fabaceae,genus,listed,pollen_host,fowler-central-2020,https://jarrodfowler.com/bees_pollen.html,2026-10-07,208,True,https://www.discoverlife.org/20/q?search=Perdita+numerata,https://plants.usda.gov/plant-profile/PROSO,explicit_source_label,
Perdita obscurata,Andrenidae,Diospyros,,genus,listed,pollen_host,fowler-central-2020,https://jarrodfowler.com/bees_pollen.html,2026-10-07,209,True,https://www.discoverlife.org/20/q?search=Perdita+obscurata,https://plants.usda.gov/plant-profile/DIVI5,not_stated,
Perdita obscurata,Andrenidae,Vaccinium,,genus,listed,pollen_host,fowler-central-2020,https://jarrodfowler.com/bees_pollen.html,2026-10-07,209,True,https://www.discoverlife.org/20/q?search=Perdita+obscurata,https://plants.usda.gov/plant-profile/VACCI,not_stated,
Perdita peculiaris,Andrenidae,Chamaesaracha,,genus,listed,pollen_host,fowler-central-2020,https://jarrodfowler.com/bees_pollen.html,2026-10-07,211,True,https://www.discoverlife.org/20/q?search=Perdita+peculiaris,https://plants.usda.gov/plant-profile/CHAMA8,not_stated,
Perdita pedernalensis,Andrenidae,Cephalanthus,Rubiaceae,genus,listed,pollen_host,fowler-central-2020,https://jarrodfowler.com/bees_pollen.html,2026-10-07,212,True,https://www.discoverlife.org/20/q?search=Perdita+pedernalensis,https://plants.usda.gov/plant-profile/CEPHA,explicit_source_label,
Perdita pedernalensis,Andrenidae,Diodia,Rubiaceae,genus,listed,pollen_host,fowler-central-2020,https://jarrodfowler.com/bees_pollen.html,2026-10-07,212,True,https://www.discoverlife.org/20/q?search=Perdita+pedernalensis,https://plants.usda.gov/plant-profile/DIODI,explicit_source_label,
Perdita pedernalensis,Andrenidae,Galium,Rubiaceae,genus,listed,pollen_host,fowler-central-2020,https://jarrodfowler.com/bees_pollen.html,2026-10-07,212,True,https://www.discoverlife.org/20/q?search=Perdita+pedernalensis,https://plants.usda.gov/plant-profile/GALIU,explicit_source_label,
Perdita pedernalensis,Andrenidae,Houstonia,Rubiaceae,genus,listed,pollen_host,fowler-central-2020,https://jarrodfowler.com/bees_pollen.html,2026-10-07,212,True,https://www.discoverlife.org/20/q?search=Perdita+pedernalensis,http://plants.usda.gov/plant-profile/HOUST,explicit_source_label,
Perdita pedernalensis,Andrenidae,Mitchella,Rubiaceae,genus,listed,pollen_host,fowler-central-2020,https://jarrodfowler.com/bees_pollen.html,2026-10-07,212,True,https://www.discoverlife.org/20/q?search=Perdita+pedernalensis,https://plants.usda.gov/plant-profile/MITCH,explicit_source_label,
Perdita perpulchra,Andrenidae,Aphanostephus,Asteraceae,genus,listed,pollen_host,fowler-central-2020,https://jarrodfowler.com/bees_pollen.html,2026-10-07,214,True,https://www.discoverlife.org/20/q?search=Perdita+perpulchra,https://plants.usda.gov/plant-profile/APHAN3,explicit_source_label,
Perdita perpulchra,Andrenidae,Baileya,Asteraceae,genus,listed,pollen_host,fowler-central-2020,https://jarrodfowler.com/bees_pollen.html,2026-10-07,214,True,https://www.discoverlife.org/20/q?search=Perdita+perpulchra,https://plants.usda.gov/plant-profile/BAILE,explicit_source_label,
Perdita perpulchra,Andrenidae,Dyssodia,Asteraceae,genus,listed,pollen_host,fowler-central-2020,https://jarrodfowler.com/bees_pollen.html,2026-10-07,214,True,https://www.discoverlife.org/20/q?search=Perdita+perpulchra,https://plants.usda.gov/plant-profile/DYSSO,explicit_source_label,
Perdita perpulchra,Andrenidae,Grindelia,Asteraceae,genus,listed,pollen_host,fowler-central-2020,https://jarrodfowler.com/bees_pollen.html,2026-10-07,214,True,https://www.discoverlife.org/20/q?search=Perdita+perpulchra,https://plants.usda.gov/plant-profile/GRIND,explicit_source_label,
Perdita perpulchra,Andrenidae,Gutierrezia,Asteraceae,genus,listed,pollen_host,fowler-central-2020,https://jarrodfowler.com/bees_pollen.html,2026-10-07,214,True,https://www.discoverlife.org/20/q?search=Perdita+perpulchra,https://plants.usda.gov/plant-profile/GUTIE,explicit_source_label,
Perdita perpulchra,Andrenidae,Heterotheca,Asteraceae,genus,listed,pollen_host,fowler-central-2020,https://jarrodfowler.com/bees_pollen.html,2026-10-07,214,True,https://www.discoverlife.org/20/q?search=Perdita+perpulchra,https://plants.usda.gov/plant-profile/HETER8,explicit_source_label,
Perdita perpulchra,Andrenidae,Isocoma,Asteraceae,genus,listed,pollen_host,fowler-central-2020,https://jarrodfowler.com/bees_pollen.html,2026-10-07,214,True,https://www.discoverlife.org/20/q?search=Perdita+perpulchra,https://plants.usda.gov/plant-profile/ISOCO,explicit_source_label,
Perdita perpulchra,Andrenidae,Verbesina,Asteraceae,genus,listed,pollen_host,fowler-central-2020,https://jarrodfowler.com/bees_pollen.html,2026-10-07,214,True,https://www.discoverlife.org/20/q?search=Perdita+perpulchra,https://plants.usda.gov/plant-profile/VERBE2,explicit_source_label,
Perdita perpulchra,Andrenidae,Xanthocephalum,Asteraceae,genus,listed,pollen_host,fowler-central-2020,https://jarrodfowler.com/bees_pollen.html,2026-10-07,214,True,https://www.discoverlife.org/20/q?search=Perdita+perpulchra,https://plants.usda.gov/plant-profile/XANTH6,explicit_source_label,
Perdita perpulchra,Andrenidae,Xylothamia,Asteraceae,genus,listed,pollen_host,fowler-central-2020,https://jarrodfowler.com/bees_pollen.html,2026-10-07,214,True,https://www.discoverlife.org/20/q?search=Perdita+perpulchra,https://plants.usda.gov/plant-profile/XYLOT,explicit_source_label,
Perdita pilonotata,Andrenidae,Tiquilia,,genus,listed,pollen_host,fowler-central-2020,https://jarrodfowler.com/bees_pollen.html,2026-10-07,216,True,https://www.discoverlife.org/20/q?search=Perdita+pilonotata,https://plants.usda.gov/plant-profile/TIQUI,not_stated,
Perdita pratti,Andrenidae,Helianthus,Asteraceae,genus,listed,pollen_host,fowler-central-2020,https://jarrodfowler.com/bees_pollen.html,2026-10-07,217,True,https://www.discoverlife.org/20/q?search=Perdita+pratti,https://plants.usda.gov/plant-profile/HELIA3,explicit_source_label,
Perdita pratti,Andrenidae,Heterotheca,Asteraceae,genus,listed,pollen_host,fowler-central-2020,https://jarrodfowler.com/bees_pollen.html,2026-10-07,217,True,https://www.discoverlife.org/20/q?search=Perdita+pratti,https://plants.usda.gov/plant-profile/HETER8,explicit_source_label,
Perdita punctosignata,Andrenidae,Parkinsonia,Fabaceae,genus,listed,pollen_host,fowler-central-2020,https://jarrodfowler.com/bees_pollen.html,2026-10-07,219,True,https://www.discoverlife.org/20/q?search=Perdita+punctosignata,https://plants.usda.gov/plant-profile/PARKI2,explicit_source_label,
Perdita punctosignata,Andrenidae,Prosopis,Fabaceae,genus,listed,pollen_host,fowler-central-2020,https://jarrodfowler.com/bees_pollen.html,2026-10-07,219,True,https://www.discoverlife.org/20/q?search=Perdita+punctosignata,https://plants.usda.gov/plant-profile/PROSO,explicit_source_label,
Perdita purpurascens,Andrenidae,Gaillardia,Asteraceae,genus,listed,pollen_host,fowler-central-2020,https://jarrodfowler.com/bees_pollen.html,2026-10-07,220,True,https://www.discoverlife.org/20/q?search=Perdita+purpurascens,https://plants.usda.gov/plant-profile/GAILL,explicit_source_label,
Perdita rhodura,Andrenidae,Baileya,Asteraceae,genus,listed,pollen_host,fowler-central-2020,https://jarrodfowler.com/bees_pollen.html,2026-10-07,221,True,https://www.discoverlife.org/20/q?search=Perdita+rhodura,https://plants.usda.gov/plant-profile/BAILE,explicit_source_label,
Perdita rhodura,Andrenidae,Chrysothamnus,Asteraceae,genus,listed,pollen_host,fowler-central-2020,https://jarrodfowler.com/bees_pollen.html,2026-10-07,221,True,https://www.discoverlife.org/20/q?search=Perdita+rhodura,https://plants.usda.gov/plant-profile/CHRYS9,explicit_source_label,
Perdita rhodura,Andrenidae,Ericameria,Asteraceae,genus,listed,pollen_host,fowler-central-2020,https://jarrodfowler.com/bees_pollen.html,2026-10-07,221,True,https://www.discoverlife.org/20/q?search=Perdita+rhodura,https://plants.usda.gov/plant-profile/ERICA2,explicit_source_label,
Perdita rhodura,Andrenidae,Gutierrezia,Asteraceae,genus,listed,pollen_host,fowler-central-2020,https://jarrodfowler.com/bees_pollen.html,2026-10-07,221,True,https://www.discoverlife.org/20/q?search=Perdita+rhodura,https://plants.usda.gov/plant-profile/GUTIE,explicit_source_label,
Perdita rhodura,Andrenidae,Viguiera,Asteraceae,genus,listed,pollen_host,fowler-central-2020,https://jarrodfowler.com/bees_pollen.html,2026-10-07,221,True,https://www.discoverlife.org/20/q?search=Perdita+rhodura,https://plants.usda.gov/plant-profile/VIGUI,explicit_source_label,
Perdita semicaerulea,Andrenidae,Larrea,,genus,listed,pollen_host,fowler-central-2020,https://jarrodfowler.com/bees_pollen.html,2026-10-07,222,True,https://www.discoverlife.org/20/q?search=Perdita+semicaerulea,https://plants.usda.gov/plant-profile/LARRE,not_stated,
Perdita shinnersi,Andrenidae,Gaillardia,Asteraceae,genus,listed,pollen_host,fowler-central-2020,https://jarrodfowler.com/bees_pollen.html,2026-10-07,223,True,https://www.discoverlife.org/20/q?search=Perdita+shinnersi,https://plants.usda.gov/plant-profile/GAILL,explicit_source_label,
Perdita sphaeralceae,Andrenidae,Sphaeralcea,,genus,listed,pollen_host,fowler-central-2020,https://jarrodfowler.com/bees_pollen.html,2026-10-07,224,True,https://www.discoverlife.org/20/q?search=Perdita+sphaeralceae,https://plants.usda.gov/plant-profile/SPHAE,not_stated,
Perdita stathamae,Andrenidae,Prosopis,Fabaceae,genus,listed,pollen_host,fowler-central-2020,https://jarrodfowler.com/bees_pollen.html,2026-10-07,225,True,https://www.discoverlife.org/20/q?search=Perdita+stathamae,https://plants.usda.gov/plant-profile/PROSO,explicit_source_label,
Perdita taeniata,Andrenidae,Ericameria,,genus,listed,pollen_host,fowler-central-2020,https://jarrodfowler.com/bees_pollen.html,2026-10-07,227,True,https://www.discoverlife.org/20/q?search=Perdita+taeniata,https://plants.usda.gov/plant-profile/ERICA2,not_stated,
Perdita translineata,Andrenidae,Baileya,Asteraceae,genus,listed,pollen_host,fowler-central-2020,https://jarrodfowler.com/bees_pollen.html,2026-10-07,228,True,https://www.discoverlife.org/20/q?search=Perdita+translineata,https://plants.usda.gov/plant-profile/BAILE,explicit_source_label,
Perdita translineata,Andrenidae,Heterotheca,Asteraceae,genus,listed,pollen_host,fowler-central-2020,https://jarrodfowler.com/bees_pollen.html,2026-10-07,228,True,https://www.discoverlife.org/20/q?search=Perdita+translineata,https://plants.usda.gov/plant-profile/HETER8,explicit_source_label,
Perdita triangulifera,Andrenidae,Parkinsonia,Fabaceae,genus,listed,pollen_host,fowler-central-2020,https://jarrodfowler.com/bees_pollen.html,2026-10-07,229,True,https://www.discoverlife.org/20/q?search=Perdita+triangulifera,https://plants.usda.gov/plant-profile/PARKI2,explicit_source_label,
Perdita triangulifera,Andrenidae,Prosopis,Fabaceae,genus,listed,pollen_host,fowler-central-2020,https://jarrodfowler.com/bees_pollen.html,2026-10-07,229,True,https://www.discoverlife.org/20/q?search=Perdita+triangulifera,https://plants.usda.gov/plant-profile/PROSO,explicit_source_label,
Perdita trifasciata,Andrenidae,Tiquilia,,genus,listed,pollen_host,fowler-central-2020,https://jarrodfowler.com/bees_pollen.html,2026-10-07,231,True,https://www.discoverlife.org/20/q?search=Perdita+trifasciata,https://plants.usda.gov/plant-profile/TIQUI,not_stated,
Perdita trinotata,Andrenidae,Lesquerella,,genus,listed,pollen_host,fowler-central-2020,https://jarrodfowler.com/bees_pollen.html,2026-10-07,232,True,https://www.discoverlife.org/20/q?search=Perdita+trinotata,https://plants.usda.gov/plant-profile/LESQU,not_stated,
Perdita variegata,Andrenidae,Monarda,,genus,listed,pollen_host,fowler-central-2020,https://jarrodfowler.com/bees_pollen.html,2026-10-07,233,True,https://www.discoverlife.org/20/q?search=Perdita+variegata,https://plants.usda.gov/plant-profile/MONAR,not_stated,
Perdita verbesinae,Andrenidae,Baccharis,Asteraceae,genus,listed,pollen_host,fowler-central-2020,https://jarrodfowler.com/bees_pollen.html,2026-10-07,234,True,https://www.discoverlife.org/20/q?search=Perdita+verbesinae,https://plants.usda.gov/plant-profile/BACCH,explicit_source_label,
Perdita verbesinae,Andrenidae,Baileya,Asteraceae,genus,listed,pollen_host,fowler-central-2020,https://jarrodfowler.com/bees_pollen.html,2026-10-07,234,True,https://www.discoverlife.org/20/q?search=Perdita+verbesinae,https://plants.usda.gov/plant-profile/BAILE,explicit_source_label,
Perdita verbesinae,Andrenidae,Chrysothamnus,Asteraceae,genus,listed,pollen_host,fowler-central-2020,https://jarrodfowler.com/bees_pollen.html,2026-10-07,234,True,https://www.discoverlife.org/20/q?search=Perdita+verbesinae,https://plants.usda.gov/plant-profile/CHRYS9,explicit_source_label,
Perdita verbesinae,Andrenidae,Gutierrezia,Asteraceae,genus,listed,pollen_host,fowler-central-2020,https://jarrodfowler.com/bees_pollen.html,2026-10-07,234,True,https://www.discoverlife.org/20/q?search=Perdita+verbesinae,https://plants.usda.gov/plant-profile/GUTIE,explicit_source_label,
Perdita verbesinae,Andrenidae,Helianthus,Asteraceae,genus,listed,pollen_host,fowler-central-2020,https://jarrodfowler.com/bees_pollen.html,2026-10-07,234,True,https://www.discoverlife.org/20/q?search=Perdita+verbesinae,https://plants.usda.gov/plant-profile/HELIA3,explicit_source_label,
Perdita verbesinae,Andrenidae,Heliopsis,Asteraceae,genus,listed,pollen_host,fowler-central-2020,https://jarrodfowler.com/bees_pollen.html,2026-10-07,234,True,https://www.discoverlife.org/20/q?search=Perdita+verbesinae,https://plants.usda.gov/plant-profile/HELIO2,explicit_source_label,
Perdita verbesinae,Andrenidae,Heterotheca,Asteraceae,genus,listed,pollen_host,fowler-central-2020,https://jarrodfowler.com/bees_pollen.html,2026-10-07,234,True,https://www.discoverlife.org/20/q?search=Perdita+verbesinae,https://plants.usda.gov/plant-profile/HETER8,explicit_source_label,
Perdita verbesinae,Andrenidae,Verbesina,Asteraceae,genus,listed,pollen_host,fowler-central-2020,https://jarrodfowler.com/bees_pollen.html,2026-10-07,234,True,https://www.discoverlife.org/20/q?search=Perdita+verbesinae,https://plants.usda.gov/plant-profile/VERBE2,explicit_source_label,
Perdita verbesinae,Andrenidae,Viguiera,Asteraceae,genus,listed,pollen_host,fowler-central-2020,https://jarrodfowler.com/bees_pollen.html,2026-10-07,234,True,https://www.discoverlife.org/20/q?search=Perdita+verbesinae,https://plants.usda.gov/plant-profile/VIGUI,explicit_source_label,
Perdita wislizeniae,Andrenidae,Cleome,Capparaceae,genus,listed,pollen_host,fowler-central-2020,https://jarrodfowler.com/bees_pollen.html,2026-10-07,235,True,https://www.discoverlife.org/20/q?search=Perdita+wislizeniae,https://plants.usda.gov/plant-profile/CLEOM,explicit_source_label,
Perdita wislizeniae,Andrenidae,Cleomella,Capparaceae,genus,listed,pollen_host,fowler-central-2020,https://jarrodfowler.com/bees_pollen.html,2026-10-07,235,True,https://www.discoverlife.org/20/q?search=Perdita+wislizeniae,https://plants.usda.gov/plant-profile/CLEOM2,explicit_source_label,
Perdita wislizeniae,Andrenidae,Wislizenia,Capparaceae,genus,listed,pollen_host,fowler-central-2020,https://jarrodfowler.com/bees_pollen.html,2026-10-07,235,True,https://www.discoverlife.org/20/q?search=Perdita+wislizeniae,https://plants.usda.gov/plant-profile/WISLI,explicit_source_label,
Perdita wootonae,Andrenidae,Mentzelia,,genus,listed,pollen_host,fowler-central-2020,https://jarrodfowler.com/bees_pollen.html,2026-10-07,236,True,https://www.discoverlife.org/20/q?search=Perdita+wootonae,https://plants.usda.gov/plant-profile/MENTZ,not_stated,
Perdita xanthismae,Andrenidae,Xanthisma,Asteraceae,genus,listed,pollen_host,fowler-central-2020,https://jarrodfowler.com/bees_pollen.html,2026-10-07,237,True,https://www.discoverlife.org/20/q?search=Perdita+xanthismae,https://plants.usda.gov/plant-profile/XANTH,explicit_source_label,
Protandrena abdominalis,Andrenidae,Monarda,,genus,listed,pollen_host,fowler-central-2020,https://jarrodfowler.com/bees_pollen.html,2026-10-07,240,True,https://www.discoverlife.org/20/q?search=Protandrena+abdominalis,https://plants.usda.gov/plant-profile/MONAR,not_stated,
Protandrena verbesinae,Andrenidae,Baileya,Asteraceae,genus,listed,pollen_host,fowler-central-2020,https://jarrodfowler.com/bees_pollen.html,2026-10-07,241,True,https://www.discoverlife.org/20/q?search=Protandrena+verbesinae,https://plants.usda.gov/plant-profile/BAILE,explicit_source_label,
Protandrena verbesinae,Andrenidae,Helianthus,Asteraceae,genus,listed,pollen_host,fowler-central-2020,https://jarrodfowler.com/bees_pollen.html,2026-10-07,241,True,https://www.discoverlife.org/20/q?search=Protandrena+verbesinae,https://plants.usda.gov/plant-profile/HELIA3,explicit_source_label,
Protandrena verbesinae,Andrenidae,Heterotheca,Asteraceae,genus,listed,pollen_host,fowler-central-2020,https://jarrodfowler.com/bees_pollen.html,2026-10-07,241,True,https://www.discoverlife.org/20/q?search=Protandrena+verbesinae,https://plants.usda.gov/plant-profile/HETER8,explicit_source_label,
Protandrena verbesinae,Andrenidae,Machaeranthera,Asteraceae,genus,listed,pollen_host,fowler-central-2020,https://jarrodfowler.com/bees_pollen.html,2026-10-07,241,True,https://www.discoverlife.org/20/q?search=Protandrena+verbesinae,https://plants.usda.gov/plant-profile/MACHA,explicit_source_label,
Protandrena verbesinae,Andrenidae,Pectis,Asteraceae,genus,listed,pollen_host,fowler-central-2020,https://jarrodfowler.com/bees_pollen.html,2026-10-07,241,True,https://www.discoverlife.org/20/q?search=Protandrena+verbesinae,https://plants.usda.gov/plant-profile/PECTI,explicit_source_label,
Pseudopanurgus aethiops,Andrenidae,Helianthus,Asteraceae,genus,listed,pollen_host,fowler-central-2020,https://jarrodfowler.com/bees_pollen.html,2026-10-07,243,True,https://www.discoverlife.org/20/q?search=Pseudopanurgus+aethiops,https://plants.usda.gov/plant-profile/HELIA3,explicit_source_label,
Pseudopanurgus aethiops,Andrenidae,Heterotheca,Asteraceae,genus,listed,pollen_host,fowler-central-2020,https://jarrodfowler.com/bees_pollen.html,2026-10-07,243,True,https://www.discoverlife.org/20/q?search=Pseudopanurgus+aethiops,https://plants.usda.gov/plant-profile/HETER8,explicit_source_label,
Pseudopanurgus aethiops,Andrenidae,Verbesina,Asteraceae,genus,listed,pollen_host,fowler-central-2020,https://jarrodfowler.com/bees_pollen.html,2026-10-07,243,True,https://www.discoverlife.org/20/q?search=Pseudopanurgus+aethiops,https://plants.usda.gov/plant-profile/VERBE2,explicit_source_label,
Pseudopanurgus aethiops,Andrenidae,Viguiera,Asteraceae,genus,listed,pollen_host,fowler-central-2020,https://jarrodfowler.com/bees_pollen.html,2026-10-07,243,True,https://www.discoverlife.org/20/q?search=Pseudopanurgus+aethiops,https://plants.usda.gov/plant-profile/VIGUI,explicit_source_label,
Pseudopanurgus albitarsis,Andrenidae,Baccharis,Asteraceae,genus,listed,pollen_host,fowler-central-2020,https://jarrodfowler.com/bees_pollen.html,2026-10-07,244,True,https://www.discoverlife.org/20/q?search=Pseudopanurgus+albitarsis,https://plants.usda.gov/plant-profile/BACCH,explicit_source_label,
Pseudopanurgus albitarsis,Andrenidae,Coreopsis,Asteraceae,genus,listed,pollen_host,fowler-central-2020,https://jarrodfowler.com/bees_pollen.html,2026-10-07,244,True,https://www.discoverlife.org/20/q?search=Pseudopanurgus+albitarsis,https://plants.usda.gov/plant-profile/COREO2,explicit_source_label,
Pseudopanurgus albitarsis,Andrenidae,Echinacea,Asteraceae,genus,listed,pollen_host,fowler-central-2020,https://jarrodfowler.com/bees_pollen.html,2026-10-07,244,True,https://www.discoverlife.org/20/q?search=Pseudopanurgus+albitarsis,https://plants.usda.gov/plant-profile/ECHIN,explicit_source_label,
Pseudopanurgus albitarsis,Andrenidae,Helianthus,Asteraceae,genus,listed,pollen_host,fowler-central-2020,https://jarrodfowler.com/bees_pollen.html,2026-10-07,244,True,https://www.discoverlife.org/20/q?search=Pseudopanurgus+albitarsis,https://plants.usda.gov/plant-profile/HELIA3,explicit_source_label,
Pseudopanurgus albitarsis,Andrenidae,Ratibida,Asteraceae,genus,listed,pollen_host,fowler-central-2020,https://jarrodfowler.com/bees_pollen.html,2026-10-07,244,True,https://www.discoverlife.org/20/q?search=Pseudopanurgus+albitarsis,https://plants.usda.gov/plant-profile/RATIB,explicit_source_label,
Pseudopanurgus albitarsis,Andrenidae,Rudbeckia,Asteraceae,genus,listed,pollen_host,fowler-central-2020,https://jarrodfowler.com/bees_pollen.html,2026-10-07,244,True,https://www.discoverlife.org/20/q?search=Pseudopanurgus+albitarsis,https://plants.usda.gov/plant-profile/RUDBE,explicit_source_label,
Pseudopanurgus boylei,Andrenidae,Verbesina,Asteraceae,genus,listed,pollen_host,fowler-central-2020,https://jarrodfowler.com/bees_pollen.html,2026-10-07,246,True,https://www.discoverlife.org/20/q?search=Pseudopanurgus+boylei,https://plants.usda.gov/plant-profile/VERBE2,explicit_source_label,
Pseudopanurgus compositarum,Andrenidae,Bidens,Asteraceae,genus,listed,pollen_host,fowler-central-2020,https://jarrodfowler.com/bees_pollen.html,2026-10-07,247,True,https://www.discoverlife.org/20/q?search=Pseudopanurgus+compositarum,https://plants.usda.gov/plant-profile/BIDEN,explicit_source_label,
Pseudopanurgus compositarum,Andrenidae,Eurybia,Asteraceae,genus,listed,pollen_host,fowler-central-2020,https://jarrodfowler.com/bees_pollen.html,2026-10-07,247,True,https://www.discoverlife.org/20/q?search=Pseudopanurgus+compositarum,https://plants.usda.gov/plant-profile/EURYB,explicit_source_label,
Pseudopanurgus compositarum,Andrenidae,Rudbeckia,Asteraceae,genus,listed,pollen_host,fowler-central-2020,https://jarrodfowler.com/bees_pollen.html,2026-10-07,247,True,https://www.discoverlife.org/20/q?search=Pseudopanurgus+compositarum,https://plants.usda.gov/plant-profile/RUDBE,explicit_source_label,
Pseudopanurgus compositarum,Andrenidae,Solidago,Asteraceae,genus,listed,pollen_host,fowler-central-2020,https://jarrodfowler.com/bees_pollen.html,2026-10-07,247,True,https://www.discoverlife.org/20/q?search=Pseudopanurgus+compositarum,https://plants.usda.gov/plant-profile/SOLID,explicit_source_label,
Pseudopanurgus compositarum,Andrenidae,Symphyotrichum,Asteraceae,genus,listed,pollen_host,fowler-central-2020,https://jarrodfowler.com/bees_pollen.html,2026-10-07,247,True,https://www.discoverlife.org/20/q?search=Pseudopanurgus+compositarum,https://plants.usda.gov/plant-profile/SYMPH4,explicit_source_label,
Pseudopanurgus fraterculus,Andrenidae,Baileya,Asteraceae,genus,listed,pollen_host,fowler-central-2020,https://jarrodfowler.com/bees_pollen.html,2026-10-07,248,True,https://www.discoverlife.org/20/q?search=Pseudopanurgus+fraterculus,https://plants.usda.gov/plant-profile/BAILE,explicit_source_label,
Pseudopanurgus fraterculus,Andrenidae,Gutierrezia,Asteraceae,genus,listed,pollen_host,fowler-central-2020,https://jarrodfowler.com/bees_pollen.html,2026-10-07,248,True,https://www.discoverlife.org/20/q?search=Pseudopanurgus+fraterculus,https://plants.usda.gov/plant-profile/GUTIE,explicit_source_label,
Pseudopanurgus fraterculus,Andrenidae,Haplopappus,Asteraceae,genus,listed,pollen_host,fowler-central-2020,https://jarrodfowler.com/bees_pollen.html,2026-10-07,248,True,https://www.discoverlife.org/20/q?search=Pseudopanurgus+fraterculus,https://plants.usda.gov/plant-profile/HAPLO11,explicit_source_label,
Pseudopanurgus fraterculus,Andrenidae,Heliopsis,Asteraceae,genus,listed,pollen_host,fowler-central-2020,https://jarrodfowler.com/bees_pollen.html,2026-10-07,248,True,https://www.discoverlife.org/20/q?search=Pseudopanurgus+fraterculus,https://plants.usda.gov/plant-profile/HELIO2,explicit_source_label,
Pseudopanurgus fraterculus,Andrenidae,Heterotheca,Asteraceae,genus,listed,pollen_host,fowler-central-2020,https://jarrodfowler.com/bees_pollen.html,2026-10-07,248,True,https://www.discoverlife.org/20/q?search=Pseudopanurgus+fraterculus,https://plants.usda.gov/plant-profile/HETER8,explicit_source_label,
Pseudopanurgus fraterculus,Andrenidae,Hymenothrix,Asteraceae,genus,listed,pollen_host,fowler-central-2020,https://jarrodfowler.com/bees_pollen.html,2026-10-07,248,True,https://www.discoverlife.org/20/q?search=Pseudopanurgus+fraterculus,https://plants.usda.gov/plant-profile/HYMEN6,explicit_source_label,
Pseudopanurgus fraterculus,Andrenidae,Machaeranthera,Asteraceae,genus,listed,pollen_host,fowler-central-2020,https://jarrodfowler.com/bees_pollen.html,2026-10-07,248,True,https://www.discoverlife.org/20/q?search=Pseudopanurgus+fraterculus,https://plants.usda.gov/plant-profile/MACHA,explicit_source_label,
Pseudopanurgus fraterculus,Andrenidae,Melampodium,Asteraceae,genus,listed,pollen_host,fowler-central-2020,https://jarrodfowler.com/bees_pollen.html,2026-10-07,248,True,https://www.discoverlife.org/20/q?search=Pseudopanurgus+fraterculus,https://plants.usda.gov/plant-profile/MELAM,explicit_source_label,
Pseudopanurgus fraterculus,Andrenidae,Verbesina,Asteraceae,genus,listed,pollen_host,fowler-central-2020,https://jarrodfowler.com/bees_pollen.html,2026-10-07,248,True,https://www.discoverlife.org/20/q?search=Pseudopanurgus+fraterculus,https://plants.usda.gov/plant-profile/VERBE2,explicit_source_label,
Pseudopanurgus illinoiensis,Andrenidae,Erigeron,Asteraceae,genus,listed,pollen_host,fowler-central-2020,https://jarrodfowler.com/bees_pollen.html,2026-10-07,250,True,https://www.discoverlife.org/20/q?search=Pseudopanurgus+illinoiensis,https://plants.usda.gov/plant-profile/ERIGE2,explicit_source_label,
Pseudopanurgus illinoiensis,Andrenidae,Heterotheca,Asteraceae,genus,listed,pollen_host,fowler-central-2020,https://jarrodfowler.com/bees_pollen.html,2026-10-07,250,True,https://www.discoverlife.org/20/q?search=Pseudopanurgus+illinoiensis,https://plants.usda.gov/plant-profile/HETER8,explicit_source_label,
Pseudopanurgus occiduus,Andrenidae,Heterotheca,Asteraceae,genus,listed,pollen_host,fowler-central-2020,https://jarrodfowler.com/bees_pollen.html,2026-10-07,256,True,https://www.discoverlife.org/20/q?search=Pseudopanurgus+occiduus,https://plants.usda.gov/plant-profile/HETER8,explicit_source_label,
Pseudopanurgus passiflorae,Andrenidae,Passiflora,,genus,listed,pollen_host,fowler-central-2020,https://jarrodfowler.com/bees_pollen.html,2026-10-07,257,True,https://www.discoverlife.org/20/q?search=Pseudopanurgus+passiflorae,https://plants.usda.gov/plant-profile/PASSI,not_stated,
Pseudopanurgus renimaculatus,Andrenidae,Baccharis,Asteraceae,genus,listed,pollen_host,fowler-central-2020,https://jarrodfowler.com/bees_pollen.html,2026-10-07,260,True,https://www.discoverlife.org/20/q?search=Pseudopanurgus+renimaculatus,https://plants.usda.gov/plant-profile/BACCH,explicit_source_label,
Pseudopanurgus renimaculatus,Andrenidae,Boltonia,Asteraceae,genus,listed,pollen_host,fowler-central-2020,https://jarrodfowler.com/bees_pollen.html,2026-10-07,260,True,https://www.discoverlife.org/20/q?search=Pseudopanurgus+renimaculatus,https://plants.usda.gov/plant-profile/BOLTO,explicit_source_label,
Pseudopanurgus renimaculatus,Andrenidae,Grindelia,Asteraceae,genus,listed,pollen_host,fowler-central-2020,https://jarrodfowler.com/bees_pollen.html,2026-10-07,260,True,https://www.discoverlife.org/20/q?search=Pseudopanurgus+renimaculatus,https://plants.usda.gov/plant-profile/GRIND,explicit_source_label,
Pseudopanurgus renimaculatus,Andrenidae,Helianthus,Asteraceae,genus,listed,pollen_host,fowler-central-2020,https://jarrodfowler.com/bees_pollen.html,2026-10-07,260,True,https://www.discoverlife.org/20/q?search=Pseudopanurgus+renimaculatus,https://plants.usda.gov/plant-profile/HELIA3,explicit_source_label,
Pseudopanurgus renimaculatus,Andrenidae,Symphyotrichum,Asteraceae,genus,listed,pollen_host,fowler-central-2020,https://jarrodfowler.com/bees_pollen.html,2026-10-07,260,True,https://www.discoverlife.org/20/q?search=Pseudopanurgus+renimaculatus,https://plants.usda.gov/plant-profile/SYMPH4,explicit_source_label,
Pseudopanurgus rugosus,Andrenidae,Bidens,Asteraceae,genus,listed,pollen_host,fowler-central-2020,https://jarrodfowler.com/bees_pollen.html,2026-10-07,262,True,https://www.discoverlife.org/20/q?search=Pseudopanurgus+rugosus,https://plants.usda.gov/plant-profile/BIDEN,explicit_source_label,
Pseudopanurgus rugosus,Andrenidae,Helianthus,Asteraceae,genus,listed,pollen_host,fowler-central-2020,https://jarrodfowler.com/bees_pollen.html,2026-10-07,262,True,https://www.discoverlife.org/20/q?search=Pseudopanurgus+rugosus,https://plants.usda.gov/plant-profile/HELIA3,explicit_source_label,
Pseudopanurgus rugosus,Andrenidae,Heliopsis,Asteraceae,genus,listed,pollen_host,fowler-central-2020,https://jarrodfowler.com/bees_pollen.html,2026-10-07,262,True,https://www.discoverlife.org/20/q?search=Pseudopanurgus+rugosus,https://plants.usda.gov/plant-profile/HELIO2,explicit_source_label,
Pseudopanurgus rugosus,Andrenidae,Rudbeckia,Asteraceae,genus,listed,pollen_host,fowler-central-2020,https://jarrodfowler.com/bees_pollen.html,2026-10-07,262,True,https://www.discoverlife.org/20/q?search=Pseudopanurgus+rugosus,https://plants.usda.gov/plant-profile/RUDBE,explicit_source_label,
Pseudopanurgus rugosus,Andrenidae,Silphium,Asteraceae,genus,listed,pollen_host,fowler-central-2020,https://jarrodfowler.com/bees_pollen.html,2026-10-07,262,True,https://www.discoverlife.org/20/q?search=Pseudopanurgus+rugosus,https://plants.usda.gov/plant-profile/SILPH,explicit_source_label,
Ptilothrix bombiformis,Apidae,Hibiscus,,genus,listed,pollen_host,fowler-central-2020,https://jarrodfowler.com/bees_pollen.html,2026-10-07,287,True,https://www.discoverlife.org/20/q?search=Ptilothrix+bombiformis,http://plants.usda.gov/plant-profile/HIBIS2,not_stated,
Ptilothrix chiricahua,Apidae,Kallstroemia,,genus,listed,pollen_host,fowler-central-2020,https://jarrodfowler.com/bees_pollen.html,2026-10-07,288,True,https://www.discoverlife.org/20/q?search=Ptilothrix+chiricahua,https://plants.usda.gov/plant-profile/KALLS,not_stated,
Sphecodosoma beameri,Halictidae,Nama,,genus,listed,pollen_host,fowler-central-2020,https://jarrodfowler.com/bees_pollen.html,2026-10-07,419,True,https://www.discoverlife.org/20/q?search=Sphecodosoma+beameri,https://plants.usda.gov/plant-profile/NAMA4,not_stated,
Sphecodosoma dicksoni,Halictidae,Nama,,genus,listed,pollen_host,fowler-central-2020,https://jarrodfowler.com/bees_pollen.html,2026-10-07,420,True,https://www.discoverlife.org/20/q?search=Sphecodosoma+dicksoni,https://plants.usda.gov/plant-profile/NAMA4,not_stated,
Svastra aegis,Apidae,Balduina,Asteraceae,genus,listed,pollen_host,fowler-central-2020,https://jarrodfowler.com/bees_pollen.html,2026-10-07,340,True,https://www.discoverlife.org/20/q?search=Svastra+aegis,https://plants.usda.gov/plant-profile/BALDU,explicit_source_label,
Svastra aegis,Apidae,Chrysopsis,Asteraceae,genus,listed,pollen_host,fowler-central-2020,https://jarrodfowler.com/bees_pollen.html,2026-10-07,340,True,https://www.discoverlife.org/20/q?search=Svastra+aegis,http://plants.usda.gov/plant-profile/CHRYS7,explicit_source_label,
Svastra aegis,Apidae,Helenium,Asteraceae,genus,listed,pollen_host,fowler-central-2020,https://jarrodfowler.com/bees_pollen.html,2026-10-07,340,True,https://www.discoverlife.org/20/q?search=Svastra+aegis,https://plants.usda.gov/plant-profile/HELEN,explicit_source_label,
Svastra aegis,Apidae,Helianthus,Asteraceae,genus,listed,pollen_host,fowler-central-2020,https://jarrodfowler.com/bees_pollen.html,2026-10-07,340,True,https://www.discoverlife.org/20/q?search=Svastra+aegis,https://plants.usda.gov/plant-profile/HELIA3,explicit_source_label,
Svastra aegis,Apidae,Symphyotrichum,Asteraceae,genus,listed,pollen_host,fowler-central-2020,https://jarrodfowler.com/bees_pollen.html,2026-10-07,340,True,https://www.discoverlife.org/20/q?search=Svastra+aegis,https://plants.usda.gov/plant-profile/SYMPH4,explicit_source_label,
Svastra compta,Apidae,Oenothera,,genus,listed,pollen_host,fowler-central-2020,https://jarrodfowler.com/bees_pollen.html,2026-10-07,341,True,https://www.discoverlife.org/20/q?search=Svastra+compta,https://plants.usda.gov/plant-profile/OENOT,not_stated,
Svastra duplocincta,Apidae,Ferocactus,,genus,listed,pollen_host,fowler-central-2020,https://jarrodfowler.com/bees_pollen.html,2026-10-07,342,True,https://www.discoverlife.org/20/q?search=Svastra+duplocincta,https://plants.usda.gov/plant-profile/FEROC,not_stated,
Svastra helianthelli,Apidae,Baileya,Asteraceae,genus,listed,pollen_host,fowler-central-2020,https://jarrodfowler.com/bees_pollen.html,2026-10-07,343,True,https://www.discoverlife.org/20/q?search=Svastra+helianthelli,https://plants.usda.gov/plant-profile/BAILE,explicit_source_label,
Svastra helianthelli,Apidae,Helianthus,Asteraceae,genus,listed,pollen_host,fowler-central-2020,https://jarrodfowler.com/bees_pollen.html,2026-10-07,343,True,https://www.discoverlife.org/20/q?search=Svastra+helianthelli,https://plants.usda.gov/plant-profile/HELIA3,explicit_source_label,
Svastra machaerantherae,Apidae,Baccharis,Asteraceae,genus,listed,pollen_host,fowler-central-2020,https://jarrodfowler.com/bees_pollen.html,2026-10-07,344,True,https://www.discoverlife.org/20/q?search=Svastra+machaerantherae,https://plants.usda.gov/plant-profile/BACCH,explicit_source_label,
Svastra machaerantherae,Apidae,Ericameria,Asteraceae,genus,listed,pollen_host,fowler-central-2020,https://jarrodfowler.com/bees_pollen.html,2026-10-07,344,True,https://www.discoverlife.org/20/q?search=Svastra+machaerantherae,https://plants.usda.gov/plant-profile/ERICA2,explicit_source_label,
Svastra machaerantherae,Apidae,Helianthus,Asteraceae,genus,listed,pollen_host,fowler-central-2020,https://jarrodfowler.com/bees_pollen.html,2026-10-07,344,True,https://www.discoverlife.org/20/q?search=Svastra+machaerantherae,https://plants.usda.gov/plant-profile/HELIA3,explicit_source_label,
Svastra machaerantherae,Apidae,Heterotheca,Asteraceae,genus,listed,pollen_host,fowler-central-2020,https://jarrodfowler.com/bees_pollen.html,2026-10-07,344,True,https://www.discoverlife.org/20/q?search=Svastra+machaerantherae,https://plants.usda.gov/plant-profile/HETER8,explicit_source_label,
Svastra machaerantherae,Apidae,Verbesina,Asteraceae,genus,listed,pollen_host,fowler-central-2020,https://jarrodfowler.com/bees_pollen.html,2026-10-07,344,True,https://www.discoverlife.org/20/q?search=Svastra+machaerantherae,https://plants.usda.gov/plant-profile/VERBE2,explicit_source_label,
Svastra obliqua,Apidae,Borrichia,Asteraceae,genus,listed,pollen_host,fowler-central-2020,https://jarrodfowler.com/bees_pollen.html,2026-10-07,345,True,https://www.discoverlife.org/20/q?search=Svastra+obliqua,https://plants.usda.gov/plant-profile/BORRI,explicit_source_label,
Svastra obliqua,Apidae,Chrysothamnus,Asteraceae,genus,listed,pollen_host,fowler-central-2020,https://jarrodfowler.com/bees_pollen.html,2026-10-07,345,True,https://www.discoverlife.org/20/q?search=Svastra+obliqua,https://plants.usda.gov/plant-profile/CHRYS9,explicit_source_label,
Svastra obliqua,Apidae,Cirsium,Asteraceae,genus,listed,pollen_host,fowler-central-2020,https://jarrodfowler.com/bees_pollen.html,2026-10-07,345,True,https://www.discoverlife.org/20/q?search=Svastra+obliqua,https://plants.usda.gov/plant-profile/CIRSI,explicit_source_label,
Svastra obliqua,Apidae,Grindelia,Asteraceae,genus,listed,pollen_host,fowler-central-2020,https://jarrodfowler.com/bees_pollen.html,2026-10-07,345,True,https://www.discoverlife.org/20/q?search=Svastra+obliqua,https://plants.usda.gov/plant-profile/GRIND,explicit_source_label,
Svastra obliqua,Apidae,Helianthus,Asteraceae,genus,listed,pollen_host,fowler-central-2020,https://jarrodfowler.com/bees_pollen.html,2026-10-07,345,True,https://www.discoverlife.org/20/q?search=Svastra+obliqua,https://plants.usda.gov/plant-profile/HELIA3,explicit_source_label,
Svastra obliqua,Apidae,Rudbeckia,Asteraceae,genus,listed,pollen_host,fowler-central-2020,https://jarrodfowler.com/bees_pollen.html,2026-10-07,345,True,https://www.discoverlife.org/20/q?search=Svastra+obliqua,https://plants.usda.gov/plant-profile/RUDBE,explicit_source_label,
Svastra obliqua,Apidae,Vernonia,Asteraceae,genus,listed,pollen_host,fowler-central-2020,https://jarrodfowler.com/bees_pollen.html,2026-10-07,345,True,https://www.discoverlife.org/20/q?search=Svastra+obliqua,https://plants.usda.gov/plant-profile/VERNO,explicit_source_label,
Svastra petulca,Apidae,Coreopsis,Asteraceae,genus,listed,pollen_host,fowler-central-2020,https://jarrodfowler.com/bees_pollen.html,2026-10-07,346,True,https://www.discoverlife.org/20/q?search=Svastra+petulca,https://plants.usda.gov/plant-profile/COREO2,explicit_source_label,
Svastra petulca,Apidae,Helenium,Asteraceae,genus,listed,pollen_host,fowler-central-2020,https://jarrodfowler.com/bees_pollen.html,2026-10-07,346,True,https://www.discoverlife.org/20/q?search=Svastra+petulca,https://plants.usda.gov/plant-profile/HELEN,explicit_source_label,
Svastra petulca,Apidae,Helianthus,Asteraceae,genus,listed,pollen_host,fowler-central-2020,https://jarrodfowler.com/bees_pollen.html,2026-10-07,346,True,https://www.discoverlife.org/20/q?search=Svastra+petulca,https://plants.usda.gov/plant-profile/HELIA3,explicit_source_label,
Svastra petulca,Apidae,Pyrrhopappus,Asteraceae,genus,listed,pollen_host,fowler-central-2020,https://jarrodfowler.com/bees_pollen.html,2026-10-07,346,True,https://www.discoverlife.org/20/q?search=Svastra+petulca,https://plants.usda.gov/plant-profile/PYRRH,explicit_source_label,
Svastra petulca,Apidae,Ratibida,Asteraceae,genus,listed,pollen_host,fowler-central-2020,https://jarrodfowler.com/bees_pollen.html,2026-10-07,346,True,https://www.discoverlife.org/20/q?search=Svastra+petulca,https://plants.usda.gov/plant-profile/RATIB,explicit_source_label,
Svastra petulca,Apidae,Rudbeckia,Asteraceae,genus,listed,pollen_host,fowler-central-2020,https://jarrodfowler.com/bees_pollen.html,2026-10-07,346,True,https://www.discoverlife.org/20/q?search=Svastra+petulca,https://plants.usda.gov/plant-profile/RUDBE,explicit_source_label,
Svastra petulca,Apidae,Verbesina,Asteraceae,genus,listed,pollen_host,fowler-central-2020,https://jarrodfowler.com/bees_pollen.html,2026-10-07,346,True,https://www.discoverlife.org/20/q?search=Svastra+petulca,https://plants.usda.gov/plant-profile/VERBE2,explicit_source_label,
Svastra sabinensis,Apidae,Baccharis,Asteraceae,genus,listed,pollen_host,fowler-central-2020,https://jarrodfowler.com/bees_pollen.html,2026-10-07,347,True,https://www.discoverlife.org/20/q?search=Svastra+sabinensis,https://plants.usda.gov/plant-profile/BACCH,explicit_source_label,
Svastra sabinensis,Apidae,Baileya,Asteraceae,genus,listed,pollen_host,fowler-central-2020,https://jarrodfowler.com/bees_pollen.html,2026-10-07,347,True,https://www.discoverlife.org/20/q?search=Svastra+sabinensis,https://plants.usda.gov/plant-profile/BAILE,explicit_source_label,
Svastra sabinensis,Apidae,Bebbia,Asteraceae,genus,listed,pollen_host,fowler-central-2020,https://jarrodfowler.com/bees_pollen.html,2026-10-07,347,True,https://www.discoverlife.org/20/q?search=Svastra+sabinensis,https://plants.usda.gov/plant-profile/BEBBI,explicit_source_label,
Svastra sabinensis,Apidae,Encelia,Asteraceae,genus,listed,pollen_host,fowler-central-2020,https://jarrodfowler.com/bees_pollen.html,2026-10-07,347,True,https://www.discoverlife.org/20/q?search=Svastra+sabinensis,https://plants.usda.gov/plant-profile/ENCEL,explicit_source_label,
Svastra sabinensis,Apidae,Gaillardia,Asteraceae,genus,listed,pollen_host,fowler-central-2020,https://jarrodfowler.com/bees_pollen.html,2026-10-07,347,True,https://www.discoverlife.org/20/q?search=Svastra+sabinensis,https://plants.usda.gov/plant-profile/GAILL,explicit_source_label,
Svastra sabinensis,Apidae,Haplopappus,Asteraceae,genus,listed,pollen_host,fowler-central-2020,https://jarrodfowler.com/bees_pollen.html,2026-10-07,347,True,https://www.discoverlife.org/20/q?search=Svastra+sabinensis,https://plants.usda.gov/plant-profile/HAPLO11,explicit_source_label,
Svastra sabinensis,Apidae,Helianthus,Asteraceae,genus,listed,pollen_host,fowler-central-2020,https://jarrodfowler.com/bees_pollen.html,2026-10-07,347,True,https://www.discoverlife.org/20/q?search=Svastra+sabinensis,https://plants.usda.gov/plant-profile/HELIA3,explicit_source_label,
Svastra sabinensis,Apidae,Heterotheca,Asteraceae,genus,listed,pollen_host,fowler-central-2020,https://jarrodfowler.com/bees_pollen.html,2026-10-07,347,True,https://www.discoverlife.org/20/q?search=Svastra+sabinensis,https://plants.usda.gov/plant-profile/HETER8,explicit_source_label,
Svastra sabinensis,Apidae,Hymenothrix,Asteraceae,genus,listed,pollen_host,fowler-central-2020,https://jarrodfowler.com/bees_pollen.html,2026-10-07,347,True,https://www.discoverlife.org/20/q?search=Svastra+sabinensis,https://plants.usda.gov/plant-profile/HYMEN6,explicit_source_label,
Svastra sabinensis,Apidae,Isocoma,Asteraceae,genus,listed,pollen_host,fowler-central-2020,https://jarrodfowler.com/bees_pollen.html,2026-10-07,347,True,https://www.discoverlife.org/20/q?search=Svastra+sabinensis,https://plants.usda.gov/plant-profile/ISOCO,explicit_source_label,
Svastra sila,Apidae,Psilostrophe,,genus,listed,pollen_host,fowler-central-2020,https://jarrodfowler.com/bees_pollen.html,2026-10-07,348,True,https://www.discoverlife.org/20/q?search=Svastra+sila,https://plants.usda.gov/plant-profile/PSILO3,not_stated,
Svastra texana,Apidae,Chrysothamnus,Asteraceae,genus,listed,pollen_host,fowler-central-2020,https://jarrodfowler.com/bees_pollen.html,2026-10-07,349,True,https://www.discoverlife.org/20/q?search=Svastra+texana,https://plants.usda.gov/plant-profile/CHRYS9,explicit_source_label,
Svastra texana,Apidae,Verbesina,Asteraceae,genus,listed,pollen_host,fowler-central-2020,https://jarrodfowler.com/bees_pollen.html,2026-10-07,349,True,https://www.discoverlife.org/20/q?search=Svastra+texana,https://plants.usda.gov/plant-profile/VERBE2,explicit_source_label,
Syntrichalonia exquisita,Apidae,Helianthus,Asteraceae,genus,listed,pollen_host,fowler-central-2020,https://jarrodfowler.com/bees_pollen.html,2026-10-07,350,True,https://www.discoverlife.org/20/q?search=Syntrichalonia+exquisita,https://plants.usda.gov/plant-profile/HELIA3,explicit_source_label,
Syntrichalonia exquisita,Apidae,Rudbeckia,Asteraceae,genus,listed,pollen_host,fowler-central-2020,https://jarrodfowler.com/bees_pollen.html,2026-10-07,350,True,https://www.discoverlife.org/20/q?search=Syntrichalonia+exquisita,https://plants.usda.gov/plant-profile/RUDBE,explicit_source_label,
Syntrichalonia exquisita,Apidae,Verbesina,Asteraceae,genus,listed,pollen_host,fowler-central-2020,https://jarrodfowler.com/bees_pollen.html,2026-10-07,350,True,https://www.discoverlife.org/20/q?search=Syntrichalonia+exquisita,https://plants.usda.gov/plant-profile/VERBE2,explicit_source_label,
Syntrichalonia exquisita,Apidae,Viguiera,Asteraceae,genus,listed,pollen_host,fowler-central-2020,https://jarrodfowler.com/bees_pollen.html,2026-10-07,350,True,https://www.discoverlife.org/20/q?search=Syntrichalonia+exquisita,https://plants.usda.gov/plant-profile/VIGUI,explicit_source_label,
Tetraloniella albata,Apidae,Dalea,,genus,listed,pollen_host,fowler-central-2020,https://jarrodfowler.com/bees_pollen.html,2026-10-07,351,True,https://www.discoverlife.org/20/q?search=Tetraloniella+albata,https://plants.usda.gov/plant-profile/DALEA,not_stated,
Tetraloniella fasciatella,Apidae,Salvia,,genus,listed,pollen_host,fowler-central-2020,https://jarrodfowler.com/bees_pollen.html,2026-10-07,352,True,https://www.discoverlife.org/20/q?search=Tetraloniella+fasciatella,https://plants.usda.gov/plant-profile/SALVI,not_stated,
Tetraloniella lippiae,Apidae,Sphaeralcea,,genus,listed,pollen_host,fowler-central-2020,https://jarrodfowler.com/bees_pollen.html,2026-10-07,353,True,https://www.discoverlife.org/20/q?search=Tetraloniella+lippiae,https://plants.usda.gov/plant-profile/SPHAE,not_stated,
Tetraloniella paenalbata,Apidae,Dalea,,genus,listed,pollen_host,fowler-central-2020,https://jarrodfowler.com/bees_pollen.html,2026-10-07,354,True,https://www.discoverlife.org/20/q?search=Tetraloniella+paenalbata,https://plants.usda.gov/plant-profile/DALEA,not_stated,
Tetraloniella spissa,Apidae,Helianthus,Asteraceae,genus,listed,pollen_host,fowler-central-2020,https://jarrodfowler.com/bees_pollen.html,2026-10-07,355,True,https://www.discoverlife.org/20/q?search=Tetraloniella+spissa,https://plants.usda.gov/plant-profile/HELIA3,explicit_source_label,
Trachusa bequaerti,Megachilidae,Dalea,,genus,listed,pollen_host,fowler-central-2020,https://jarrodfowler.com/bees_pollen.html,2026-10-07,438,True,https://www.discoverlife.org/20/q?search=Trachusa+bequaerti,https://plants.usda.gov/plant-profile/DALEA,not_stated,
Trachusa larreae,Megachilidae,Larrea,,genus,listed,pollen_host,fowler-central-2020,https://jarrodfowler.com/bees_pollen.html,2026-10-07,439,True,https://www.discoverlife.org/20/q?search=Trachusa+larreae,https://plants.usda.gov/plant-profile/LARRE,not_stated,
Trachusa zebrata,Megachilidae,Encelia,Asteraceae,genus,listed,pollen_host,fowler-central-2020,https://jarrodfowler.com/bees_pollen.html,2026-10-07,440,True,https://www.discoverlife.org/20/q?search=Trachusa+zebrata,https://plants.usda.gov/plant-profile/ENCEL,explicit_source_label,
Trachusa zebrata,Megachilidae,Helianthus,Asteraceae,genus,listed,pollen_host,fowler-central-2020,https://jarrodfowler.com/bees_pollen.html,2026-10-07,440,True,https://www.discoverlife.org/20/q?search=Trachusa+zebrata,https://plants.usda.gov/plant-profile/HELIA3,explicit_source_label,
Xenoglossa kansensis,Apidae,Cucurbita,,genus,listed,pollen_host,fowler-central-2020,https://jarrodfowler.com/bees_pollen.html,2026-10-07,356,True,https://www.discoverlife.org/20/q?search=Xenoglossa+kansensis,https://plants.usda.gov/plant-profile/CUCUR,not_stated,
Xenoglossa kansensis,Apidae,Ipomoea,,genus,listed,pollen_host,fowler-central-2020,https://jarrodfowler.com/bees_pollen.html,2026-10-07,356,True,https://www.discoverlife.org/20/q?search=Xenoglossa+kansensis,https://plants.usda.gov/plant-profile/IPOMO,not_stated,
Xenoglossa patricia,Apidae,Cucurbita,,genus,listed,pollen_host,fowler-central-2020,https://jarrodfowler.com/bees_pollen.html,2026-10-07,357,True,https://www.discoverlife.org/20/q?search=Xenoglossa+patricia,https://plants.usda.gov/plant-profile/CUCUR,not_stated,
Xenoglossa strenua,Apidae,Cucurbita,,genus,listed,pollen_host,fowler-central-2020,https://jarrodfowler.com/bees_pollen.html,2026-10-07,358,True,https://www.discoverlife.org/20/q?search=Xenoglossa+strenua,https://plants.usda.gov/plant-profile/CUCUR,not_stated,
